0.262176193323,-390.4925102358843
0.261518224881,-390.82233091267904
0.243230576267,-416.81629426157076
0.245254716085,-404.2215148172819
0.230091107513,-426.2149535915248
0.232427256865,-416.2962740240397
0.221631452182,-410.9469097752923
0.200124724798,-448.87552345340555
0.222523846562,-381.0625960177325
0.219580690313,-375.1390539306042
0.212946894969,-378.4325108528941
0.206362621801,-404.6019004918883
0.0199362310794,116.68512954319019
0.208431859091,-403.7118674563279
0.19987338871,-411.8899968675578
0.196107809302,-405.0798297192857
0.229731990234,-381.1864435904114
0.239169544508,-375.763179954699
0.236303971379,-370.6487189415826
0.22906481051,-405.84004115169614
0.233768436149,-417.74459162071287
0.218497232884,-431.8337503231154
0.223711758419,-426.43494665465914
0.218254849743,-407.1004001883373
0.217467068704,-410.27420017347833
0.225123612045,-395.7266905351545
0.215346253586,-383.83850363140675
0.206717838269,-410.34713160219155
0.207944456436,-413.75272129539144
0.202360450829,-388.86718200548773
0.203742398569,-405.8248774042454
0.20418768574,-392.61783019347604
0.0228223542898,123.40591876202944
0.19375055691,-408.5325891750342
0.192696210344,-415.402752835244
0.190508003543,-400.58016248656804
0.199320046245,-364.89077968694517
0.22499903821,-298.2523746668288
0.221147389118,-282.63872244004614
0.232119743089,-290.94089912673485
0.234060109959,-233.50233438043205
0.223243698018,-212.8699022975344
0.215365806237,-266.6845220705766
0.210093433024,-241.30278287452506
0.221968500461,-226.36593931860278
0.201980158316,-249.46569589777698
0.212313020166,-210.80515868511878
0.201218584222,-135.78621002211565
0.208403677482,-115.9578101352268
0.198581425609,-142.7349106575548
0.18415740024,-174.0276134515916
0.188870183825,-163.2491204002228
0.190993539008,-161.14349316366997
0.185820879811,-151.37807849581333
0.195686881587,-125.06868683747814
0.184609830821,-158.49142452224368
0.218216346401,-139.12741149744295
0.215279014197,-141.7499037184691
0.215880278296,-149.01890993803335
0.20569650917,-144.48547540647598
0.215031353531,-131.97242188218598
0.210253271297,-157.2283500892501
0.229879775545,-140.10679464832384
0.20613531845,-174.43343878606782
0.226159451802,-146.0455657120214
0.204458951177,-179.65811197893362
0.21571979296,-214.53027982028345
0.216526349282,-232.85937705983974
0.215686927764,-196.73921628569832
0.20725762797,-208.64172613776896
0.218800428192,-196.75163942096788
0.0165360975568,303.41553547804796
0.212016373157,-216.98776014529375
0.217538299934,-218.32732903291645
0.217697869932,-205.11062295147707
0.214596359787,-228.96901153295534
0.213708658599,-226.3969373675763
0.222117551671,-213.78997531424807
0.213573809893,-245.2701991283535
0.209598970328,-233.87502324009836
0.206787039229,-223.1241537206679
0.212173972047,-228.99288689222124
0.242640452382,-184.55363931536033
0.232735670336,-213.28421845301256
0.225170630511,-238.58441260904834
0.239985513799,-228.08898682562995
0.250562164051,-210.32137397690303
0.23718374016,-223.96119769405516
0.241195083595,-220.28485610158373
0.251991742363,-209.83843634031246
0.23466100217,-229.63182976636108
0.251516928665,-243.2189888609787
0.239487828057,-266.3529344467849
0.221394392094,-287.00667843574445
0.232860182922,-278.61202155796013
0.229343222997,-282.66568668966374
0.231315898567,-271.4310714595788
0.222310588064,-283.37887481874975
0.226676750222,-299.02910522573956
0.22450198077,-307.0910321641152
0.226337561029,-276.08029961328987
0.284136186986,-207.81596928117
0.259916895785,-210.62243712874124
0.259180294377,-185.77232187928666
0.246071693509,-214.4125637730234
0.243083684495,-211.90452425607037
0.248187031321,-213.12423574586626
0.0143841320214,351.812201177997
0.252760385813,-222.85403363527962
0.253458534271,-222.1209163263435
0.260568838497,-212.9552150752478
0.253649709726,-236.25944340347593
0.247933417735,-241.05607840710917
0.246331228184,-249.76610535768066
0.233952236767,-280.39461531664483
0.24215804538,-252.9457129942582
0.00626320509958,352.7000176249252
0.239846187544,-271.81992064150757
0.214003940536,-276.8994461991016
0.236224397409,-242.14278578481344
0.215224062467,-247.4063088049556
0.255863527642,-206.87024309976448
0.255730347756,-199.2910278194472
0.267997289469,-189.53586318875142
0.231762222962,-222.74041327668488
0.240722797183,-271.0488613608294
0.254227202672,-245.49165019832975
0.257160575965,-264.82983738308275
0.241057817012,-289.39589895613614
0.242634721816,-277.02171221042033
0.22310752386,-269.8542307320766
0.20586557219,-270.3180545343219
0.0216845329054,248.57332255803897
0.200438546825,-304.13386679228665
0.204534689334,-284.4715696880647
0.200851661006,-299.7534847157099
0.202887757465,-308.06882274641146
0.213977392929,-259.7245841765915
0.214489369425,-200.65511922084028
0.221153451859,-172.57272678698405
0.231514935068,-175.65365169074386
0.218709188709,-163.58297376593117
0.220611778864,-156.9943038223613
0.23439674188,-158.60185872557452
0.216742977195,-182.890124082485
0.218524354446,-174.19767181896952
0.217588853755,-169.46058964366966
0.227803717036,-158.111941763628
0.227414493051,-180.0663924509276
0.236475396033,-171.8174101723406
0.230558644782,-177.81386276614705
0.216247804867,-169.3638580063734
0.204016193959,-178.36296207626452
0.211807696405,-149.1553700085663
0.212636753747,-155.075560692414
0.21119374166,-154.9483445754871
0.202985464883,-140.56332362039836
0.198974502803,-151.9837540985235
0.203376573595,-127.1695262145277
0.209154488944,-123.78853063654725
0.213032568668,-108.38743435293401
0.192342568647,-131.24073244980826
0.211203074374,-214.67238597915122
0.210263438012,-203.8658630116821
0.216844740021,-190.5563509451825
0.202726688477,-213.25784655543794
0.205484612445,-196.4062344965464
0.218307666525,-190.30696309922604
0.232911932823,-178.24363024221964
0.223465482592,-189.0789148973147
0.228708270999,-179.03103127170584
0.22472653367,-181.80490814000467
0.215702613902,-191.41527879699885
0.219686678681,-168.4169102488753
0.215226042398,-169.18708098834594
0.213329779129,-185.27815761044366
0.221882632506,-195.32635256984014
0.0131398485948,304.12479348701737
0.222402129183,-190.55889848560048
0.214339592201,-193.80758869557565
0.221405852618,-197.0497481249812
0.218827753336,-197.4061865422173
0.213307711447,-197.95381806125425
0.216420259525,-190.73846823317558
0.208515230053,-211.03729391431847
0.206882236146,-180.89688146142873
0.217344595344,-182.18016045748124
0.21651797626,-170.40984040442464
0.200976137487,-168.5303160877146
0.188073861003,-177.1742941537263
0.193573191717,-170.3972301438268
0.20238395843,-154.35005158055765
0.212191707173,-139.17853612294527
0.217661118755,-134.95298547493218
0.224907647163,-142.4040253873997
0.253079666188,-134.28932145571628
0.202727366777,-210.28504659539692
0.210205163135,-206.68624407127112
0.222813508898,-186.57816857495044
0.218386185185,-204.6103365119219
0.220254906582,-222.27888973663113
0.205551140115,-223.3408273993947
0.0138948126139,251.7240088586704
0.208526129855,-207.54669680090632
0.209004122755,-222.25391523790444
0.19663226122,-232.07757625406862
0.214746184244,-215.12042256310679
0.196295973692,-228.33898619511498
0.18680905195,-240.47707773169216
0.19341127135,-208.31411651496268
0.187315274189,-221.1116284474225
0.173797587883,-263.80869472981647
0.193834543502,-228.77324127264683
0.194965711017,-238.94076346923364
0.199946437242,-265.9082483234696
0.202328162796,-262.1461713694118
0.207249701722,-256.18061671354144
0.198177736099,-274.4281783304413
0.201460760028,-282.25607002415654
0.201080860265,-289.2455115187172
0.242291520142,-255.78719061455024
0.249795934971,-276.30511840722613
0.254003196924,-278.6592855214781
0.248637163856,-279.56668696928045
0.247400234243,-279.40081162535546
0.00574847283966,156.49248032915804
0.257722221639,-251.52529622789862
0.234909965573,-268.8398986823147
0.220543452636,-288.027730534457
0.234552320752,-266.09342646103346
0.228133624654,-268.5756657806262
0.284858312141,-249.15709756037418
0.308029567275,-232.53974832410597
0.305211679848,-231.2101856421158
0.303275039044,-234.07767585254723
0.00183073225232,156.76614645266326
0.293389941954,-243.1402783487192
0.296927049269,-254.5710573397512
0.2847690006,-265.2635287193825
0.302984827238,-255.8458865185776
0.305227424722,-260.50081462049064
0.301840997101,-250.5882274407009
0.279227617322,-260.44314223283493
0.263567405036,-284.2187252862975
0.283391308188,-279.1879171796777
0.329717784595,-269.848280991315
0.309754518377,-272.48311843218255
0.294017653087,-283.37084513318894
0.268748237842,-295.7086780493339
0.222227500358,-321.8449065554916
0.21730001937,-346.9567182498034
0.197279489136,-367.81238394952595
0.207812187748,-354.090664310466
0.259458985341,-300.68920845281417
0.252808607274,-309.72823625993055
0.301251200677,-287.72071112154447
0.00207889987547,120.94331548663338
0.280057437042,-311.39529540245235
0.295967876145,-300.1292197642211
0.281775736003,-312.4287997446328
0.283144578933,-303.30434665516145
0.268477609814,-309.0411487322209
1.95579259323e-86,122.167
9.91700740203e-110,122.382
8.03105527819e-110,125.757
4.15826246997e-110,128.397
2.10898769043e-110,129.95
1.72037638989e-110,140.083
2.10898769384e-110,152.822
2.44064670671e-110,149.833
3.11749506531e-110,149.06
3.94769000572e-110,145.767
3.94769000631e-110,146.08
6.94958155728e-110,147.072
3.72923993077e-106,147.072
1.17609142085e-114,149.563
1.21734474988e-114,148.5
6.73877845103e-104,147.405
2.72436838775e-97,145.635
2.56781835601e-95,144.625
1.16443383558e-95,139.74
3.12488835198e-97,138.167
2.29075677017e-99,137.053
3.27888113145e-97,136.017
5.54742781843e-107,132.512
8.2637632027e-99,131.631
8.32164003014e-102,131.24
6.33997215634e-102,131.033
1.00778542868e-101,128.637
1.44164026321e-101,133.012
1.12821670151e-142,134.628
2.74890463124e-137,132.015
1.25495742572e-137,131.712
1.7537823526e-137,132.711
1.52770925033e-118,132.24
2.33934013304e-118,131.742
3.16019435257e-177,131.71
3.16019435325e-177,130.54
1.69218885452e-160,134.695
9.3415090739e-142,136.695
1.70399793642e-125,139.662
1.08662910017e-125,141.027
9.32298549754e-134,140.738
2.28914634462e-140,141.795
4.8318548368e-132,140.193
5.61370796376e-132,135.33
7.24292875306e-132,133.583
7.10155535393e-143,131.55
2.60346752291e-133,131.29
2.41498521928e-133,131.28
3.41219105057e-133,133.518
3.85179289398e-171,135.26
4.24283814999e-171,136.423
1.82624142035e-208,149.273
7.96193374798e-174,158.955
5.19029600524e-179,160.432
4.20859662018e-197,157.932
2.35884166066e-181,160.365
4.45643006291e-170,174.322
4.91184874932e-164,179.807
2.22097812538e-183,176.723
2.22150705652e-183,175.03
1.04362658969e-152,177.68
2.61687507287e-161,185.455
6.32083233046e-163,189.178
1.00881318288e-177,200.42
0.327745686649,-243.71480146064087
0.371139205729,-223.70230118108603
0.336912320967,-241.9993664769551
0.350430297386,-249.28563135123073
0.373702861904,-250.98464176817362
0.364307321418,-255.9185115392932
0.3560071398,-240.7117262075217
0.352500967509,-236.12554718256277
0.361139589977,-226.00434052828635
0.371688515786,-206.26163247130643
0.395448047974,-160.6043983596694
0.393475989001,-146.69354548947808
0.384093904349,-160.1905024917001
0.386160221659,-178.24747843773488
0.397954922064,-194.5316154634574
0.41269727493,-199.5289738273079
0.362771494641,-220.4910851954063
0.347026632665,-220.11209279542274
0.355389053832,-197.19901919948526
0.349222534044,-177.2483510151823
0.343680892194,-162.2457623955786
0.354769628699,-151.5527364248365
0.369350532169,-144.24297638915328
0.357307386414,-160.18350723454984
0.354611846755,-153.52376503410466
0.356877002104,-148.77384702536312
0.359586335002,-149.98359140431774
0.391350875298,-128.95577333242227
0.364000941934,-128.60973629835348
0.359040057989,-123.1916910093218
0.372528678996,-90.26161936766522
0.399203968625,-68.95458321172862
0.376352301276,-66.77050770766323
0.372944617891,-61.52960841293657
0.377834485734,-74.0945473608432
0.373383508726,-106.06288646325896
0.36942829948,-113.38480080633275
0.350837761145,-124.78130745068103
0.366384914428,-136.01395121730462
0.369929706589,-138.73267081412723
0.370502691667,-141.45535288931336
0.000736958758576,245.84574422213203
0.364502349044,-131.616981915283
0.358882222239,-123.85955903052343
0.35886210009,-144.2915748519396
0.367705160462,-166.62275304901107
0.365809667931,-154.06721583394946
0.363384722745,-150.25442749548668
0.365551788179,-147.02638982264563
0.367676705987,-145.4285962341237
0.372954591792,-158.61811279862224
0.377706182098,-163.5854199546588
0.377893340361,-177.67457169060808
0.37630160234,-178.02641714586753
0.376667562565,-172.47282745424567
0.373124249991,-164.08416705762917
0.345338694596,-178.88001493231286
0.356759654617,-172.61619177979873
0.357035490652,-158.54149877752022
0.376902567379,-153.39302458122378
0.367803319034,-148.22406558827745
0.389002931024,-125.70615901553623
0.370674872479,-142.4956429419086
0.360769105903,-150.01184442505095
0.353337883442,-145.3702822180824
0.384320799685,-222.5912929129122
0.000959528359586,237.5674356229766
0.387751251732,-229.62836359528876
0.389179453213,-278.2683562430302
0.387166954903,-276.39551196783606
0.378301187142,-289.52617671750465
0.376685941483,-311.4170694923152
0.380695541227,-314.47356215391534
0.381165529481,-314.7531335429511
0.381610917172,-291.20550897629545
0.382510032637,-291.3882390077571
0.374363417181,-284.9441472442627
0.372135937196,-280.0658790692796
0.369744624645,-274.22368588030906
0.372906334139,-279.3474303885466
0.368199804899,-267.06209269170995
0.367808829338,-270.90900729987646
0.368410844183,-273.8158922297706
0.367913040375,-273.54093466192967
0.367398097545,-270.99365385763116
0.367152232596,-273.9719914703909
0.374653489793,-259.08078170180517
0.366225574836,-241.25164823154657
0.364693392693,-242.34790858006744
0.366383945571,-245.4627322103773
0.00122413727546,209.23713185642012
0.368881595478,-248.29605241978305
0.356692680806,-274.7060909808065
0.353623040754,-269.77242303879285
0.352107235856,-270.21716705243347
0.354481685757,-279.65045540151937
0.352373431186,-276.4830521004187
0.354331918821,-280.65378248646414
0.349680017218,-281.15188864396305
0.352095590419,-284.1686141381981
0.352727372933,-279.38151864160034
0.350483388218,-272.4035579871045
0.383553844483,-271.0863019077129
0.383693593167,-273.41768797882463
0.353142181662,-283.9445148389952
6.65643185802e-112,219.252
1.42719627926e-132,216.476
3.59740096964e-138,216.42
1.86827197662e-157,218.929
5.70179574106e-141,222.0
1.16953143286e-149,216.372
6.70980767475e-157,222.0
3.33243267326e-146,227.704
3.20191497851e-142,229.691
2.2358557357e-158,232.0
1.98875432811e-123,225.353
3.56728173161e-125,221.632
2.59864447044e-110,223.869
1.23023403889e-119,221.978
7.24509739335e-183,221.333
8.40011007146e-126,220.274
8.14830482144e-126,222.0
4.18849861414e-109,220.94
1.65430822754e-108,220.262
3.65577938183e-138,222.875
1.08499804406e-136,223.0
4.24366145252e-143,222.0
7.3453956569e-130,221.0
2.63679841586e-142,219.0
3.39626868093e-152,217.375
2.80444542658e-129,217.333
1.75433527497e-134,216.333
3.13603096205e-141,217.137
6.11266621809e-112,217.547
7.96724210987e-112,215.477
2.38752840735e-168,217.076
4.53045778967e-143,220.333
7.26361561097e-136,222.436
4.60788095231e-136,221.539
1.16044381296e-167,221.365
1.64570784999e-167,221.57
1.56541727366e-167,221.145
2.35424111413e-158,219.648
2.35438968784e-158,220.25
1.47660187716e-158,220.205
1.22645181013e-158,215.781
1.0192153753e-158,210.455
2.52551905918e-155,205.319
2.00387362334e-160,203.544
8.07129576563e-166,202.868
2.72748004901e-176,203.122
3.16956392409e-149,203.93
2.00974730371e-151,204.645
1.35185863786e-169,205.542
4.73993140044e-169,204.943
5.78287095586e-174,198.694
3.21629271996e-150,196.06
1.10596681921e-162,192.55
3.13035386295e-214,189.872
3.66454054259e-199,188.985
5.95848867483e-168,187.277
1.21957754126e-204,191.317
3.91007666141e-181,189.855
7.39236772121e-183,189.047
3.33014945322e-174,191.667
3.33014945455e-174,186.63
3.13849420424e-172,191.667
9.26384608618e-195,191.667
2.0467522594e-183,192.083
1.06082073233e-179,192.083
2.42988927863e-181,187.438
2.20328722046e-190,190.959
1.18188104169e-212,190.88
9.6663904905e-213,189.202
2.5987116287e-206,188.773
3.39717838916e-252,188.52
2.85542937207e-228,191.259
2.41659765991e-239,196.167
1.65489673893e-246,195.5
1.76774640629e-210,196.583
1.76774640562e-210,193.762
0.0,196.917
5.02757576917e-212,197.449
0.0,199.337
3.84363552193e-293,197.67
4.67306412812e-205,195.374
4.59049389403e-210,195.227
3.39216298165e-187,192.759
1.04278709083e-194,189.023
4.68734591951e-221,188.527
1.24472128655e-182,182.541
7.91174996401e-214,184.271
4.03254734513e-175,178.797
5.38021357157e-240,180.083
3.44666824316e-240,180.386
3.76828719784e-153,181.298
6.6167010649e-146,182.911
6.24349204208e-197,184.583
1.6580376071e-206,184.583
4.20824012276e-199,184.667
6.45143314667e-199,187.0
2.43750846166e-199,184.405
5.78849389286e-167,184.225
5.53292393569e-145,183.865
5.32439875783e-145,179.633
5.32439875964e-145,179.313
5.32439876193e-145,178.683
2.95841902275e-223,173.46
1.12204272723e-223,170.51
3.53931593791e-224,158.593
1.08105274323e-239,158.507
3.91040386246e-240,153.468
4.78827850951e-240,153.475
1.52749807351e-240,148.34
1.02337904517e-240,150.772
6.43081277842e-241,146.483
6.71128869784e-240,144.843
3.19199910091e-240,145.877
1.98069492488e-240,147.323
5.5906647376e-241,150.083
4.29284372317e-241,147.688
2.96152127439e-240,146.79
1.51501621595e-240,148.93
1.07820505865e-240,142.908
1.00430239168e-240,140.402
4.8442138427e-241,142.172
7.69928065306e-241,142.578
7.69928063779e-241,148.285
1.01073251626e-240,148.569
1.64902707699e-141,149.549
4.36043080429e-141,148.309
4.96291449682e-155,148.289
2.00174620403e-155,147.643
7.29023951975e-155,147.929
9.02677200996e-162,149.417
2.22124485901e-158,146.896
2.77189855974e-158,144.532
3.95682848663e-158,144.497
4.01245030673e-158,144.248
3.36503332333e-145,142.011
3.09649156941e-145,136.47
6.85556156098e-145,143.46
9.22035516322e-138,142.03
2.33987594135e-124,141.955
2.33947829689e-124,139.792
1.70017305452e-124,141.109
1.89062817785e-124,139.245
1.00310481853e-124,137.917
5.01844302666e-125,135.877
6.86552883219e-125,133.348
2.57636882755e-121,133.261
4.46307129487e-146,131.639
1.10681788609e-163,127.111
2.26581331205e-106,123.18
2.40757426464e-106,121.654
2.13343751316e-106,119.26
2.48157424601e-106,119.63
3.57445975425e-106,119.64
3.94200780949e-106,124.167
3.37663293838e-106,126.667
1.84262557879e-106,125.025
1.21182917912e-106,126.759
1.32523988761e-106,125.673
2.84305597933e-106,128.16
3.29277780004e-106,127.184
5.05687749899e-106,131.652
4.47158861426e-106,137.206
1.55434219927e-105,138.458
2.14554620239e-105,143.837
1.52051783243e-105,143.06
1.79147510003e-161,144.637
7.70358379161e-158,148.45
1.65821078095e-157,148.539
4.48399744096e-174,147.021
5.40602809186e-174,146.992
5.40602808989e-174,147.118
1.82979105629e-184,148.047
1.24005464134e-184,143.35
2.52752310194e-185,141.437
1.20608989142e-178,140.19
1.03106817691e-189,139.71
7.33511684072e-190,145.1
7.34940848745e-195,145.352
5.26290717379e-172,147.618
5.35756420911e-192,149.5
1.11132095922e-196,147.338
2.61480314778e-182,149.643
4.38699009633e-166,150.847
1.36457491618e-166,153.097
7.70336433613e-206,153.9
2.30821413036e-187,155.95
3.64486952339e-187,163.083
2.73868468549e-187,169.223
4.08839301854e-187,180.0
1.20784554836e-197,183.623
9.46568757881e-198,188.0
7.80962448894e-199,183.75
7.8096244876e-199,183.427
5.4628312588e-204,165.625
1.49410581676e-205,164.333
4.38576873511e-167,151.233
4.3857439594e-167,149.325
2.37153197914e-166,149.762
2.13767469838e-166,149.733
1.97275426677e-238,148.368
1.60477851821e-228,147.58
3.34668650709e-228,145.175
2.7585800997e-205,149.39
5.42034633876e-205,152.43
8.92782026936e-205,153.518
1.26794432917e-157,153.0
1.15372041334e-157,151.452
1.0674550355e-198,150.088
1.20314102309e-198,147.39
1.15484508439e-161,147.758
8.95334615278e-136,146.387
1.14996470337e-124,147.102
6.32448367258e-141,147.097
4.36409810741e-141,147.26
4.04520581527e-156,147.485
4.52069626233e-148,146.017
3.83409281541e-145,145.005
3.51339863016e-146,144.045
9.95112800003e-131,142.703
1.93394771681e-127,143.042
1.73491455092e-127,142.503
9.08485601464e-128,142.243
3.61387245265e-167,142.23
3.75782034889e-131,142.895
1.06640581215e-117,142.803
1.67024863952e-108,142.762
1.05765308392e-108,142.342
9.0917585613e-109,142.13
1.07600413734e-108,140.12
8.98384618951e-109,139.247
7.49851459722e-109,137.23
7.86163016813e-163,137.21
5.32702820362e-171,139.068
1.25072266323e-152,139.625
1.42028377841e-152,139.307
3.09079207441e-168,140.417
1.94408758167e-168,139.803
1.22661030098e-168,139.75
1.23220769042e-168,139.997
1.55170541087e-168,140.125
1.55169659788e-168,139.17
1.17772522848e-168,138.685
4.51230989568e-168,139.23
7.55175939827e-168,137.703
4.10738593762e-168,138.188
4.30385697634e-168,137.97
2.82957010508e-168,137.273
1.23235731549e-168,134.537
1.12243817025e-168,132.36
3.72653734939e-168,132.203
2.23508101167e-168,134.337
6.53723631801e-168,133.157
2.81840773201e-168,134.688
1.02506798239e-168,140.167
1.0237435435e-168,139.592
4.51766047545e-169,143.542
1.47349543e-169,140.412
1.63753379421e-162,138.428
2.70557874663e-167,138.67
9.7450772903e-191,138.107
2.74120190828e-188,139.75
1.16889682184e-188,137.805
4.29908828127e-162,136.408
6.77266118301e-125,135.567
2.3009503253e-95,134.41
5.08550068468e-150,133.275
1.09851710089e-135,136.225
3.95062626694e-100,135.167
3.9588820809e-124,134.75
4.65483690718e-131,131.63
1.18277240759e-145,131.537
7.47798861343e-106,130.367
2.37416786219e-109,128.167
9.04928535832e-91,125.99
3.83035691842e-111,125.618
1.08926543765e-202,123.75
1.83377495793e-208,123.783
9.64135901682e-209,123.448
1.06254751386e-222,122.271
9.49175881106e-223,121.708
8.30495917117e-220,122.666
2.15400091293e-219,122.875
3.02261677054e-219,122.466
3.574985136e-219,122.469
2.69519448642e-219,122.045
3.40133821911e-241,120.822
4.49081862345e-208,118.652
5.74784911631e-207,118.126
3.04561103272e-206,116.874
2.15991797912e-206,116.53
2.15991798144e-206,116.875
4.48292812249e-206,116.706
3.78562110205e-206,116.858
1.30676462778e-206,119.713
1.37942112782e-206,121.282
3.38163245522e-162,120.557
1.67227280092e-162,121.157
2.08223734202e-162,122.282
2.08246821954e-162,122.282
1.40411289882e-162,120.877
2.48303837177e-162,123.97
3.09578331408e-162,127.109
1.34413973243e-162,125.835
8.1902299075e-163,122.251
1.44189328275e-162,121.444
5.55171135841e-163,123.236
4.8793092585e-163,120.782
7.19265495056e-163,123.211
1.32738502096e-162,123.454
1.32629365227e-162,122.046
1.11412183739e-162,122.016
6.0743554204e-163,122.35
4.69166497057e-163,121.782
3.5113391585e-163,121.891
4.54371668029e-163,121.282
8.67917528291e-163,121.74
1.03250180689e-162,121.781
1.1764643322e-162,122.907
1.48841328641e-261,122.772
2.65141115773e-247,123.532
2.65141116109e-247,124.029
3.25254289179e-247,124.782
1.28669283376e-276,124.532
7.72884569318e-277,125.582
1.77212724967e-295,124.532
7.35952083904e-05,122.55127334543526
0.0,124.583
0.645535224906,-373.9481106331975
0.580253071197,-419.30593613522973
0.583348298145,-421.76292419746113
0.58371300014,-422.04777242372234
0.577745157683,-428.59152834689996
0.561978374915,-445.0153622196389
0.561952835647,-447.2982896422332
0.0,123.872
0.000287731761832,123.80344558932369
0.615523956142,-403.5100357556474
0.619205052292,-411.3692464269991
0.615807955021,-407.3951794682502
0.618697824928,-412.48756664535074
0.642644191882,-393.666953984683
0.61385227928,-437.8867097168535
0.6253820502,-427.7642234218556
0.62218578345,-431.44288499685695
0.650811397653,-382.86663538878867
0.665128863276,-369.56088563263836
0.0,109.282
0.0,109.157
0.657421814544,-365.39156423540396
3.77641879244e-170,106.407
0.645961706868,-386.23226787393196
0.0,108.791
0.630662733511,-383.0835032107176
0.663181696695,-347.83851577307325
0.605530325962,-391.6751309137916
0.000130785427504,107.67430893761971
0.651010770595,-357.07714128627606
0.676071147373,-345.18002469333453
0.692714129878,-346.31212047005636
0.666129802437,-365.7754173249595
0.625807402992,-384.2265460253993
0.608692339419,-388.33919535094776
0.638166610785,-362.14617470434393
0.627108772618,-362.09614445944806
0.619790497852,-352.674403090023
0.570893788983,-387.06549186112613
0.607384586621,-360.48746744139936
0.591547788578,-376.07364738832825
0.621290670389,-357.94699727611527
0.606692116448,-354.60913780781857
0.603260374033,-371.74624899250176
0.56481140113,-397.8883676532365
0.618704565019,-362.38101059129076
0.596344585987,-383.43688054862366
0.584439808302,-393.07634163453
0.603941713892,-379.84656519868304
0.634231913278,-345.3997966126036
0.644388896364,-331.4534296514709
0.587325344674,-384.87538480494993
0.620883315232,-360.3157284498251
0.609744885505,-364.921577423343
0.628725635099,-349.1000508947196
0.581960847993,-381.29426796198373
0.607405232543,-368.0598203728746
0.595962532343,-368.0451418187929
1.30463529817e-292,123.485
0.0,122.799
0.0,123.702
0.0,123.733
0.0,124.938
1.37636807035e-249,125.299
0.0,124.5
1.39648047296e-260,121.104
2.90522215071e-210,121.721
3.67203451447e-252,122.726
3.41563541828e-237,118.231
1.91397981958e-197,116.914
6.22023131329e-191,115.75
7.61703428962e-188,111.0
2.61350031996e-188,108.416
2.5813858928e-222,106.083
4.94642407614e-185,106.013
3.88723422846e-205,104.775
5.39094244408e-233,105.231
7.40591367007e-242,106.075
2.17571244786e-220,105.25
1.20082875658e-205,105.924
4.2531744388e-230,105.726
3.7837121523e-231,106.8
3.31631617385e-230,108.075
2.48448696204e-193,108.997
5.34213223944e-199,108.5
3.90478596678e-220,108.625
1.35467662359e-193,107.964
7.6062462249e-223,107.951
1.38385073774e-205,107.604
2.47886355097e-211,107.152
2.41595608272e-237,107.704
3.49520807533e-237,107.267
2.53676521677e-240,106.45
1.41093156992e-274,105.125
2.38433542557e-234,104.901
6.01450385394e-213,103.75
0.0,104.451
3.66802923397e-286,104.416
3.66802923356e-286,104.416
1.73821774377e-265,104.45
6.73362758574e-266,104.8
6.01949220708e-266,104.875
6.28933769466e-212,104.625
3.58730946569e-192,104.45
6.79105809871e-192,103.75
1.97496148218e-188,105.375
5.76959076903e-234,106.65
6.48447095264e-170,106.717
5.47571389995e-191,106.199
3.89930495109e-212,106.925
3.80367153451e-194,109.5
4.43202718771e-245,110.325
6.70714276313e-254,107.925
2.45730332324e-277,107.425
1.28979014618e-268,107.9
5.15326095334e-224,110.71
3.26947951822e-268,118.162
2.95239290868e-208,122.55
2.48641482045e-183,136.85
1.08700496086e-179,140.25
8.09895443217e-200,144.802
5.99588618681e-204,144.0
1.33958379044e-191,146.425
7.89683054822e-199,148.073
2.63104600244e-204,151.967
2.63104884958e-204,151.967
9.08695369241e-207,150.391
1.60503069648e-199,149.698
2.47387602959e-163,149.698
2.1781456952e-180,155.9
1.58785638004e-184,172.566
2.35405934694e-204,162.995
2.69349493054e-152,157.917
9.97680854811e-189,156.5
7.98983556839e-176,161.55
9.37063767987e-178,184.241
9.08722440209e-209,186.627
2.09046002977e-184,207.5
5.18322131548e-176,222.5
1.09152429873e-158,230.866
6.44183691238e-186,249.28
1.0336872192e-149,268.859
1.38989363608e-137,300.825
3.20084309023e-125,292.425
5.71437857889e-118,297.525
3.24951654578e-78,302.575
1.63762467895e-79,297.068
1.84017879683e-95,295.828
4.02860520098e-96,296.925
1.20578917588e-100,282.925
1.11884436644e-80,232.075
7.43877849272e-73,211.114
2.29242690843e-54,221.518
3.47118420554e-51,213.375
4.1653391799e-52,207.376
8.05530208885e-49,217.894
1.74802538589e-39,244.125
1.8356216261e-38,225.561
2.49546641568e-53,212.261
1.4197793444e-60,198.325
1.20172823114e-60,189.225
1.0473910294e-64,181.675
3.7855799518e-109,181.279
4.2835465811e-97,179.018
5.61248814308e-83,182.929
4.58406045608e-80,187.921
1.02551961476e-80,183.005
1.10826607889e-93,182.401
1.10826607818e-93,182.5
6.47647726482e-106,183.333
7.85428276381e-79,183.333
5.78873120409e-81,180.099
6.91991928472e-83,182.32
1.18115390303e-69,185.056
4.0784025124e-67,186.917
3.23488239822e-64,184.667
9.97053611907e-63,175.66
1.9854427516e-58,176.764
4.6660223186e-52,177.25
3.10992092123e-52,170.842
2.86704386664e-96,156.436
4.59814288544e-96,151.401
3.4229170399e-96,145.644
3.97523463815e-100,145.644
1.19802796619e-108,138.0
6.29907686921e-125,135.5
1.45629462194e-128,135.5
7.49792038444e-111,138.325
0.507074140619,-514.472857803826
0.472980654211,-546.2109534360528
0.472046161131,-556.0387995968761
0.487057490398,-538.2541863531698
0.00133247572196,123.49567043423451
0.465763489776,-581.4247668457526
0.438890389146,-619.594259936979
0.437724359463,-609.8680315142739
0.408465565058,-651.5639005366099
0.380832722041,-690.2160521666934
0.410412452803,-657.8962937602884
0.413640897907,-629.24147119375
0.396746199173,-627.9568362464436
0.403826196158,-600.9749305823851
0.388552680406,-604.9117354940496
0.410596746074,-593.5905111388612
0.40755126737,-580.5909854747736
0.390075088122,-610.2740079685082
0.401976309622,-592.3032005856173
0.399607031898,-601.3617739205893
0.400068465607,-602.2435741116473
0.412434698492,-586.9896123141062
0.412366124194,-568.8287837130799
0.401423733276,-566.4723068422904
0.375974979013,-599.3354523860365
0.404146318603,-556.363722129009
0.380740784974,-576.7132264590877
0.364986461746,-579.9737467036517
0.371314806211,-569.5818207890914
0.00366862157624,173.42351117162173
0.413248222936,-504.2648252900719
0.382175471889,-578.3304113896743
0.397234587914,-510.5360294017199
0.387864791545,-499.46458105603506
0.400706020478,-480.8013474709278
0.381000200312,-477.12054486662475
0.37152078976,-478.82047493520855
0.00297617912694,212.42844395743313
0.401153949644,-448.7619553052801
0.355365447186,-462.6621349678729
0.364207626916,-460.4566400084627
0.381571708841,-455.8641593390706
0.367464810982,-460.8983686807354
0.376441148,-476.0007196339344
0.357909821041,-481.15213531215386
0.373468589539,-469.5795341045887
0.385707860611,-473.3741540249075
0.397788022259,-478.868761504339
0.42031687295,-480.36368219090446
0.431587799506,-478.0761756029478
0.400766658455,-489.34978683246015
0.394134315274,-510.00261293124856
0.411617036326,-510.76592766488716
0.404161065046,-551.5125384895437
0.411333153885,-523.8074937002798
0.414415740197,-498.0024476123978
0.426384352351,-470.73868839134747
0.398295490292,-500.0325526898176
0.420575957938,-499.00939362736034
0.408886772973,-511.2064517309994
0.0026041628405,179.9389957078981
0.424285159855,-513.4022739068089
0.423923586665,-491.06612053331924
0.412386373187,-486.2274671858514
0.404682071177,-484.47889824848437
0.00231127559619,184.50028851697132
0.405348191127,-435.3537922754414
0.410248206728,-430.0755910101086
0.419275488434,-415.693276102431
0.390066080823,-427.24188746523475
0.368512900385,-448.32568587395576
0.316123684593,-516.1517964365214
0.330918036801,-497.4800554568168
0.329228264231,-490.0432485954691
0.322639924498,-486.8659111849106
0.314702613721,-459.9413018626301
0.338607526109,-454.19736955559625
0.00399310462535,269.90882374406516
0.321395619914,-411.4604192496042
0.304740420681,-452.5899267335741
0.309973609677,-428.249878343904
0.318399652134,-415.5116112337649
0.345213158657,-418.1976966429062
0.348666033209,-365.1565476131664
0.355319452817,-363.0746309653359
0.301409770101,-421.90738209814134
0.3365315689,-403.51012467332674
0.31126390694,-400.0115899865035
0.328066958943,-380.3725302346703
0.315998719627,-359.44338554075716
0.313980023372,-350.10712312570473
0.340603821472,-352.330883341832
0.3393099278,-334.2687093309058
0.00554159430895,372.89951058104765
0.348681609783,-365.7943335138753
0.335243219349,-400.585576754134
0.331005567879,-381.7245032029689
0.346056722956,-354.1138682523793
0.314764927942,-405.09766325630727
0.341450993243,-336.22461612360786
0.345152834889,-308.9770067822926
0.344227689494,-302.6127183361159
0.345215042021,-261.708916820207
0.348074533726,-273.31707419443427
0.331011742837,-285.73230438808804
0.337490093428,-268.0503320774172
0.344408645863,-252.17871672011648
0.345323662274,-210.63410652155443
0.328846141666,-222.32046474148416
0.318103052672,-207.77739510562435
0.306844549468,-182.51764334208156
0.315076263547,-187.27362795759836
0.00641748335891,491.24761280608897
0.330308509762,-191.8270344586236
0.321406570649,-215.1747022311862
0.330097972074,-248.59470360322973
0.322005479806,-271.03724208492855
0.317438714627,-258.52548015404295
0.32054263679,-239.69102545733216
0.32180259187,-223.96267851486084
0.325859072659,-233.4271028727021
0.320454149269,-213.95205241985968
0.322139380098,-225.30923429383222
0.302112716123,-332.1322652416408
0.32976462819,-324.77937285189097
0.327667588949,-319.5412764184633
0.329786132659,-318.8543933610144
0.353376211457,-310.06326342936256
0.341021483396,-333.43303797827446
0.35171344221,-336.94376395361985
0.343713122874,-338.599879112822
0.377316179885,-297.6997865543535
0.372902109718,-375.19867837478716
0.379895890361,-384.5531656170336
0.366151903331,-410.48838615503104
0.381904344388,-389.63177801121896
0.361849585896,-395.33542774182564
0.388582054189,-361.16016845408893
0.373456837749,-392.8059919016094
0.344668507239,-394.15865298626414
0.354294630002,-411.49193369201606
0.394656305334,-406.7506072826082
0.386366070632,-421.8345740914146
0.384392883752,-421.9088363468423
0.393783339703,-388.34055285600067
0.380179970877,-394.71546253918433
0.379536701942,-400.514451606215
0.429372375606,-349.16989477215213
0.382521398794,-387.18525376165866
0.348744190362,-402.0133235631267
0.360274060242,-397.0181819080775
0.354182717906,-389.7114665217582
0.351707927432,-393.3838824925431
0.379770754095,-368.938010563905
0.369878509922,-406.349006591445
0.37046840977,-390.5821470315915
0.00355712483485,306.9162105772775
0.395345467712,-357.5823065407575
0.369851264777,-401.04884725732734
0.386284489114,-387.89561147766074
0.380612169988,-393.681523897341
0.390581860203,-367.7399314878994
0.366920201541,-385.65704721118504
0.380783041569,-382.46999588722394
0.429961036726,-353.49715809268173
0.369095773989,-406.069935832767
0.349632079242,-445.7365199439786
0.357162618028,-469.95332394524905
0.364305473967,-468.84795195348863
0.35630821636,-514.3085777086121
0.366818313371,-499.22092399853955
0.365122166807,-492.4767461614042
0.428739485405,-421.17440675621856
0.369455997188,-447.17613737985766
0.372614349872,-452.7691911949236
0.365382234871,-421.18347967006065
0.373679962527,-401.10665863152144
0.360410156491,-420.09048119987983
0.344320919311,-417.38433546078744
0.345558202487,-389.81225878525544
0.375694079087,-462.3798273834798
0.367139735849,-472.72411807999066
0.356763039217,-499.7237298473182
0.00432911572342,347.6367081094117
0.343756651008,-498.48570335042876
0.334741654768,-490.288212819999
0.34399433866,-462.41349061680916
0.320886431683,-478.88824377830724
0.328046838589,-513.2002884255996
0.324661296267,-505.52420253626974
0.315469158107,-518.01908214126
0.30539515811,-546.8692501782255
0.304923009333,-590.113129047891
0.321282187484,-558.9437290881624
0.35764086464,-515.4800886665341
0.352769846233,-534.6343998745037
0.352073395257,-529.6635122170712
0.338827715233,-517.787902494756
0.34616154148,-535.191618182429
0.341230504486,-542.4717252326714
0.355589742003,-529.3508572711302
0.34909543507,-528.9420741493585
0.346499500036,-517.8481298373458
0.346310754082,-518.9476541163847
0.326972621132,-554.0223863283604
0.356723659955,-518.3123560760331
0.369277981835,-488.15476339009524
0.369482073387,-459.24652537532626
0.38967850844,-432.0010161110336
0.388845648319,-446.27131729515963
0.382076939804,-422.342876245804
0.391842198201,-432.0128423956508
0.381437181649,-422.68880049706274
0.38238416488,-402.5802800131721
0.405126755363,-373.9517576446408
0.388141143794,-391.80742721952083
0.395085593867,-370.84062332233856
0.380385248092,-393.97504545284954
0.391681742942,-390.9001390619139
0.361657934044,-412.8746717351357
0.388191232174,-391.3776523371193
0.375368664058,-399.3339744854737
0.390500640474,-377.3556030686536
0.390726988595,-388.1698834132464
0.00256230210186,324.26564777860654
0.392037552163,-359.927905518886
0.371777582398,-366.4245344513275
0.36487557433,-375.0470725026466
0.387859158367,-377.42974957684186
0.386374202261,-359.7116752036191
0.369913633325,-353.55660128690806
0.374849968345,-365.7609821823322
0.364023037901,-378.261463453145
0.377983937984,-385.1266743193012
0.370364014167,-359.7533671358972
0.349540260731,-354.0965759210139
0.36529610435,-324.81025585459014
0.329265947743,-388.66318128051586
0.375010741118,-389.4026304154906
0.346075080113,-457.90425042223586
0.358502435677,-450.7114895867007
0.355662089463,-433.4862948404639
0.374719505436,-414.733618641276
0.368472687139,-411.63341903381405
0.31881534105,-437.12328307300646
0.330604318596,-483.6543348030361
0.358795596306,-607.917557251223
0.327021765665,-639.671760952559
0.309620216179,-639.3974544854109
0.269859144125,-699.88735825955
0.274058871763,-713.6473461579085
0.270136901399,-818.1900342607158
0.278038294921,-870.3595621418856
0.281761059976,-1001.5529816046959
0.0087508872229,414.20048934959135
0.314124791518,-905.4082189865866
0.314133652883,-944.0722357909337
0.304546023016,-918.1643029757861
0.308936603028,-880.9458666721779
0.322869848328,-793.2961644765252
0.336492142755,-747.8134146202032
0.310212770805,-769.9636272395885
0.2929946297,-772.5138990214507
0.305206823564,-816.2078228355928
0.308367324674,-821.6923247109556
0.316864027683,-841.4928873115484
0.324896196508,-892.3611437443083
0.319083201503,-965.562847218389
0.27963189937,-966.9385312397603
0.29047169319,-839.9731624007732
0.283262094502,-799.2083291324523
0.278653282578,-830.4589870126888
0.257241604575,-908.023136846766
0.256821890554,-891.1714147214259
0.249766943308,-925.5883981037064
0.00694503951426,430.90484941424984
0.247732712727,-916.5542173215512
0.252155409117,-884.4757537011124
0.25252686002,-868.6376582634704
0.234328824351,-880.8346336140149
0.236331500366,-802.9445459145195
0.235006141528,-792.5057347759814
0.19471145397,-818.3327143427016
0.219245206581,-789.751071299075
0.242275115044,-747.9527393081867
0.235425669621,-645.8274142374214
0.23834264581,-570.4864324980626
0.00675783675274,540.0075197982154
0.265821695523,-531.8531184223883
0.243766916778,-537.2322427546088
0.230202584637,-513.4198984683835
0.22989671316,-484.9602056133932
0.24082680518,-438.1753337137467
0.23918292109,-479.34698119446034
0.2519143763,-481.5927900138636
0.236869204613,-477.3024737488005
0.243972212355,-465.49405222299254
0.239854881628,-468.067077732542
0.253799259952,-427.96200320894536
0.24246520936,-426.01238260289165
0.233156598735,-345.76460934527734
0.231281099908,-298.428542295036
0.231598023419,-270.2656194824051
0.240899170587,-290.64731776609506
0.241672829912,-300.37008161014353
0.249261951001,-316.91610228882985
0.246696353154,-335.04757142679443
0.00518043853186,515.0347311714094
0.246179071037,-307.6135909574608
0.245958989773,-310.1306058137578
0.24660221307,-296.18605649636015
0.268538353657,-308.6116223448711
0.00674149816361,508.99565761474616
0.266587836627,-275.7801247014239
0.278023049412,-289.51707875063346
0.265609628924,-365.1548485488038
0.262415178707,-358.591214510872
0.253601089495,-346.9383288781336
0.262837207865,-333.4566594551855
0.258219151291,-308.14893442559907
0.25166511406,-288.47380644671136
0.00576054140537,491.98095006202095
0.262901890657,-349.25528616510695
0.278301526196,-358.2213286271458
0.275381751857,-385.9641921328699
0.293216288856,-384.37396123995717
0.288740672247,-362.71824672408695
0.293662816179,-414.2341278154961
0.295656999425,-514.6037441007104
0.289850556662,-535.284738094718
0.289046932967,-492.74265292891255
0.296693870423,-524.0565263882187
0.290635016828,-571.4335638197481
0.294874066722,-565.6010871280055
0.318421954944,-560.5715692343242
0.31715109997,-572.9534981006127
0.294218105388,-587.0915140103175
0.291189290524,-544.1240598614058
0.281837677033,-554.1012128841426
0.305590818123,-580.5174518657183
0.00534221200614,343.39569970651144
0.291895320075,-543.5391707083514
0.292178426379,-587.5208941127541
0.313616642399,-596.43295886834
0.304905047905,-569.8056391427374
0.304452486618,-584.5661610775185
0.321802538503,-533.5613155550202
0.294388308895,-637.8658461443305
0.318989322734,-625.0685750063666
0.335018367131,-619.5646474854714
0.312935605408,-621.5679842892577
0.249426263343,-765.8275044908473
0.259019161689,-729.7568891567335
0.235852205818,-755.6786671224738
0.237478629272,-741.5732906204523
0.223980525026,-814.5818812303796
0.261518772606,-742.6108436193967
0.261736628197,-725.8697655965949
0.276256933428,-662.9084699262146
0.25930538456,-667.3385993024092
0.292199366055,-654.4719521761012
0.322897843993,-625.0705539112657
0.290075175729,-471.64878427804894
0.28438306102,-543.2153845280998
0.28582421887,-545.8722057693946
0.286600642674,-535.7629210538805
0.290216866089,-539.4004988933352
0.300572045565,-566.756621421443
0.315701577683,-534.1312136671379
0.304632175224,-556.2003840772288
0.293945284766,-545.0445833691662
0.32407379838,-485.86277453297913
0.300626597128,-469.4501541283365
0.306499726811,-468.58457082921143
0.324999423752,-509.3900920773414
0.316926433323,-537.447507375874
0.319416331316,-539.0769426731508
0.329416648871,-510.1862425717612
0.327188656647,-539.2637399198818
0.00521378908077,410.3065145100909
0.347221634527,-495.00376690510274
0.335769906653,-512.2701138881167
0.332978300872,-522.7213699427493
0.347464125566,-537.4058955320271
0.347008490373,-587.1351712657456
0.37177440466,-554.8999865645878
0.348267304325,-576.2025556455521
0.35089755846,-584.0831563615213
0.358941627109,-565.1946825363109
0.382472360578,-556.9444600840336
0.35825836463,-570.8755002691737
0.379500212652,-578.8750545188677
0.371288970028,-608.5980222814517
0.385898130498,-620.904781310573
0.410960754751,-603.9750070982785
0.397824325235,-588.4010306831578
0.395261158433,-603.386384951428
0.367950390131,-620.3281438897736
0.391082139689,-636.5159439842381
0.3957445252,-628.5169346436078
0.38934697086,-610.9290380720707
0.417711818465,-581.825486750585
0.395908879142,-600.829858011105
0.40190468385,-708.9587532229775
0.420126684422,-687.4820458876084
0.43515099396,-691.4724339539812
0.00213307798546,264.6899219009349
0.443095165073,-744.7600549519625
0.00166153073162,359.0375984059918
0.372944953054,-762.7217084320293
0.433095820127,-693.3171329564188
0.431500069637,-704.6987931643405
0.00103029779848,369.20922637415464
0.000694250481291,317.58387229668284
0.000607219804176,322.63615505274305
0.000511165746637,329.3535437024197
0.00065622785028,288.5088386711054
0.000681694512019,279.9193759594369
0.000498810368362,261.044813127249
0.000586921316896,378.29088743462256
0.00105137660735,400.86222142800824
0.375717000938,-802.9243988310799
0.414256510243,-771.2071883086458
0.39911740054,-801.1851105211517
0.400591447709,-776.742634863874
0.128520720144,274.5030407439014
0.140544246492,235.93363808618045
0.0396936212953,370.7382202030726
0.145242475493,253.82916023920674
0.14496358791,251.40488951447355
0.137708529423,240.6177343285368
0.142933295697,239.9733103282485
0.149061324417,217.9439618628353
0.154537440725,204.87290630913557
0.143845295137,203.77496389429723
0.148166105093,227.78011429476578
0.144303880334,237.1217771822789
0.15844593867,231.7328267921762
0.150802325487,241.1644460889952
0.15764590413,237.8640373851908
0.154166125952,228.13984037575807
0.168788097015,224.1436608024605
0.171183290008,222.7530692619277
0.00152560418828,333.0409935878109
0.00193623565361,329.25245920381207
0.172318523686,223.15630321833925
0.00211008597884,330.3898746775189
0.188052041739,217.12595874090647
0.00216116741217,321.2184496105019
0.170220502872,209.44157359297444
0.00205299135159,318.17801537069056
0.160945021445,227.69073068124152
0.00294306823715,326.028360719662
0.133665474936,250.83019746952533
0.136905272204,264.0835326870432
0.133369755646,276.45000114184006
0.134137215456,287.38406291448496
0.117635763948,299.0908844313195
0.124922032943,292.5922275674425
0.00620152362321,362.48761182787877
0.0067461624726,361.8284243026532
0.110736107994,300.79651941590873
0.00567786255756,363.4708698076265
0.0952818524566,313.6542573206879
0.098643502155,314.02736459732694
0.00763073306225,375.6695199506874
0.126173550762,304.71905306006926
0.0988724836112,323.6831960157192
0.100569469345,329.688536305808
0.00616508990278,377.0965420329841
0.107049920407,310.88361850579906
0.00480863808748,360.09186601092694
0.00112950604006,356.7373477531338
0.115299164091,294.211836125862
0.00371927442166,360.0490512368176
0.110555317089,267.034624390142
0.00278342011291,352.1830071352154
0.00335218571107,343.86003388698066
0.00399183546843,339.0006114435517
0.00181584440085,340.86208657967074
0.00467810978084,344.6004888959931
0.00558055373331,346.9743599829341
0.0908323814709,295.56167996715146
0.0762290788803,304.23897677580817
0.068206186068,310.14680658465454
0.0738796691901,315.0890465857348
0.0787837307544,306.89854215372685
0.0686383950788,297.3613944718628
0.0532948755352,316.7922762731704
0.0609473578682,310.3937078075843
0.060336554289,306.455710373127
0.100163739528,274.0561925851821
0.0927775751071,273.9925227392013
0.0854583143546,267.04842850998
0.076571427321,267.36809347175546
0.0780362131178,260.7286292411444
0.0782740397997,252.2856423327699
0.00628125050943,304.3108270080312
0.0627875492716,274.48626734050526
0.0681357352532,260.52679552257126
0.00169888261182,290.31257901932537
0.0874524646718,238.87131997133133
0.0872028609133,248.4951259169007
0.00222532584321,293.83756656375164
0.00336306055713,291.5538695574512
0.00543814810934,284.5677921609581
0.00876389809798,277.2823805970935
0.00866711354295,270.3081949848786
0.00719127991745,250.7588943384116
0.00531410024833,253.23728317507292
0.00617812559307,241.5362260413821
0.00818857666599,241.3512851283116
0.00641120915797,242.17933874186957
0.00849221730195,240.82311052408207
0.00922022751068,240.34982513697156
0.00218273775441,233.96643485736206
0.0160264526681,220.69770185652234
0.0167305835393,220.72735557595075
0.0101084890148,220.43669052092065
0.00507982625908,225.16893577535515
0.00209951472221,231.23993374962447
0.00832465679802,239.11717982816631
0.00252708152682,243.79121962158433
0.121191451933,181.5607263893378
0.121697305945,190.49591404327344
0.00360477994997,258.6508004920428
0.00684512755625,256.00836240791483
0.00771543067313,256.929614980691
0.00734956746905,262.3796957359203
0.00442967633671,267.0328188164385
0.00102222011582,268.67458920632714
0.00545027772817,269.6316695067942
0.00695468045759,268.7129336667511
0.00701052922186,272.600135469287
0.00605801679016,269.66647271427024
0.00593644366098,261.0711823955246
0.00563652963757,254.16175528668225
0.00701799761869,252.7470419257856
0.00313424073229,248.67791304264318
0.00224591894118,247.7145624729923
0.00311907694742,244.81450770153313
0.00241089167636,238.98446159748818
0.00298110443864,238.12334004549436
0.00156105060951,234.23040190271377
0.00128085777344,232.16416351257072
0.00183749428535,229.16636287758442
0.0020574030346,229.19744889622757
0.0020606161386,233.32826787129494
0.00255289408025,232.59819616130807
0.00261021088378,232.539059609215
0.00210718121816,232.6018263571886
0.000790591436434,232.82303287482722
0.0028481701242,232.32599259764515
0.00228263607436,232.32991842495412
0.00286831695322,231.4182884668668
0.00270971546268,230.72616200425435
0.00383386502759,230.91640899455533
1.10811416157e-176,226.988
9.40448452881e-174,225.777
1.09852211498e-177,225.922
2.51230161698e-198,226.547
2.02926363995e-158,237.667
5.47253460013e-179,243.305
6.2010739617e-136,243.617
1.73788985052e-146,241.931
1.22248777452e-163,245.699
8.50257420332e-157,246.034
8.50229984993e-157,246.325
9.73554802631e-171,247.548
4.88074656203e-176,247.881
7.39347997328e-170,252.963
3.35476143858e-164,250.965
1.36125375178e-200,249.908
5.9202401459e-176,248.821
6.548056472e-234,248.595
6.36423420546e-223,246.335
2.42548691817e-239,248.104
5.76133637692e-237,249.704
5.44189930902e-189,245.052
5.24638750398e-191,244.323
1.76308689687e-159,244.462
1.85430541446e-195,240.268
8.7944532404e-192,238.96
5.9346017937e-254,236.835
3.38159337781e-157,238.471
2.44837940115e-213,241.451
9.90995173841e-194,243.179
4.57126287419e-205,240.357
4.01126943645e-179,241.275
2.32763263038e-134,239.152
9.54665283736e-146,237.617
6.82143501268e-192,236.205
6.82143502792e-192,236.875
7.13864992395e-147,244.521
5.16130857228e-132,255.79
1.96393715496e-108,262.69
3.67802028972e-112,265.213
2.63697583429e-112,264.313
4.04674015971e-112,269.472
1.4215167625e-112,272.911
1.06130465857e-180,272.775
2.44583409736e-120,272.971
8.75078602916e-151,277.995
1.44744012131e-123,280.381
1.38531869833e-131,284.837
1.79807190433e-112,295.932
1.14417349979e-110,300.865
1.4979510636e-118,303.2
4.34447685882e-107,314.893
8.45699805711e-95,317.438
4.54349107191e-101,320.251
2.05090414164e-113,312.776
3.65581862521e-114,311.345
1.36458817698e-129,316.85
2.50575327916e-127,320.427
4.42332667251e-119,318.589
8.02740708044e-117,318.508
1.136530565e-110,321.589
3.06478284587e-105,326.499
2.20673491666e-111,324.875
3.43966216909e-101,326.777
0.000191275334864,325.6464497045071
0.000252975738895,322.91693593803416
0.000177518705647,323.4438879289394
0.000140612970242,321.41616197424
0.000130963944991,323.9299838420281
0.000113641786398,329.01721502748364
0.00012602444478,330.2517805256351
0.000134594116762,344.0403818460827
0.000179072735517,343.07172649883876
0.000164430933786,347.2325380061293
0.000203508949982,345.4809303551185
0.000185634126328,350.2925574287218
0.000161296582935,349.4706255819232
0.000127779235091,344.42719584503027
0.000154015511755,343.19127467037544
0.0010525553349,337.7466240573631
0.000174734709895,343.1201134662992
0.000327756813546,340.7728926188316
0.000236282110373,338.2465625121734
0.000305808305508,338.63216936856685
0.000412229250417,338.1302228009232
0.000423576290286,334.4811782260601
0.000553114214536,336.9682857727422
0.000565782690511,341.5820489361228
0.000702179719244,342.04170697469397
0.00068481435452,338.86669224510797
0.000793497270814,340.00484107209684
0.000867982687383,338.0352853820004
0.000840194898118,338.81516508152254
0.000962124760251,337.8533177617033
0.00109456853653,337.9058136774062
0.00113049972766,337.85892211988124
0.00118849399121,335.7096143148305
0.00107453419804,328.36148835166364
0.00121963223262,328.8518615271751
0.00115885006481,331.52118115478135
0.00109626596631,336.03904847059187
0.00109523395928,334.9456821254403
0.0010264143845,335.7281883231114
0.00130096846675,335.2379049103498
0.0012960328278,334.70691023024864
0.000721988173825,335.45254031303733
0.000733053886767,331.1455271133008
0.170445631856,227.01542599519613
0.182246300128,224.01982958766183
0.00143133362765,348.4692384675525
0.00111171421218,349.79331439885357
0.000695114831561,350.77763389977673
0.000615551362095,358.8648483161481
0.000654989570663,357.95632179565234
0.000558509158287,361.5754225202933
0.00053601666233,362.2706386141708
0.000379256428022,356.6115503214814
0.000691126866737,362.08445265333484
0.000706212229003,363.91062239630065
0.000718008826509,358.3231083940852
0.000667700770774,370.4587323807574
0.000738975070738,364.86078560216305
0.000647512354296,366.08345638024224
0.000803026024489,370.6009113600105
0.00072851320902,375.0306228606313
0.000706126579041,375.55517593265137
0.000511710364578,370.75169570882844
0.000455263515104,363.05799983457024
0.000390242616638,348.6995284719648
0.000238970618027,341.7724221327911
0.00159867071134,334.7634022154439
0.000249136986618,343.40329102288274
0.000303800255475,348.2138409820732
0.000278275865321,335.60391421213717
0.000386274319072,342.095948069638
0.000479538304763,355.5070446634411
0.000451804468999,355.23574978262263
0.000418223736463,349.63976643520533
0.000313381434958,349.50829691138983
0.000358315757759,349.3344872305393
0.000308071930175,357.54919370060213
0.000403930074889,353.9495779908742
0.000313732242082,351.0546501190022
0.000311316526554,342.16459509518165
0.000312188818851,340.2508440264035
0.000220583026968,341.7353883201724
0.000233288452368,341.6111601454653
0.000205630619627,349.1999807068035
0.000186533228138,350.3582999490455
0.00045103516413,357.60059952201533
0.00046929683444,360.3810714994326
0.182660188443,228.96867293421502
0.000420974129505,410.0609357344691
0.163592715743,267.04338868097034
0.163038591609,263.91976612596295
0.150217518437,266.0220109686291
0.127262290258,354.23793290897515
0.128359822073,374.28640989643884
0.133304639256,381.73151990313704
0.129940433063,377.95929993098
0.131718007513,368.54015425107696
0.12984082503,386.58835933271195
0.113890250922,393.0103759810704
0.109058881428,416.78624208933616
0.112393935387,424.7842095209314
0.113914190661,426.5868491547546
0.114865544094,442.38022002985144
0.124638085189,433.74940435093316
0.120836880652,427.3267248888659
0.117426468821,438.32147344106096
0.12260027988,425.1583040503918
0.113769633566,430.94361017183576
0.117830470301,396.9191189832565
0.112516190239,392.66643392095244
0.100165481281,411.66759220723225
0.0140950693893,495.78138100631077
0.0981453095926,429.92212354562696
0.114084159273,393.86284584021274
0.108949455176,379.12818259174253
0.104902603458,387.9027797990738
0.102282603753,411.78603844682783
0.105206061733,407.37672110487983
0.105041977327,391.49059426315563
0.115080570672,374.28857258779755
0.113124822135,382.5575622961283
0.106667994149,397.48812397793495
0.110072360287,396.98947330372346
0.112299945926,398.762120113331
0.105579113176,450.10827943381173
0.114208322965,458.5182577736325
0.118627153827,432.618246571281
0.124267750971,422.6870139755681
0.130380998498,425.5515117971955
0.125995938619,453.429545124945
0.123626162254,490.1752106614472
2.69507968605e-25,778.685
2.1673935984e-21,853.242
1.48886291531e-26,780.203
1.26037287071e-29,720.813
2.49440214643e-32,714.857
1.11051645393e-37,704.179
5.6468570642e-38,692.894
9.15394952293e-40,650.521
2.65604091653e-44,644.773
7.67409112112e-43,639.209
2.09534952416e-51,645.97
1.11195397192e-45,642.076
8.71257093369e-44,634.163
5.60001576106e-41,638.576
1.08726598536e-44,627.615
2.39655903514e-53,614.631
1.098007394e-48,603.62
1.35291210498e-51,606.711
4.87277453775e-48,555.125
2.57793699608e-57,558.214
9.48675742131e-58,562.45
6.2577768992e-54,605.049
1.37610833556e-54,606.028
2.64410924631e-43,651.746
3.9834802171e-44,671.196
8.10036710284e-54,714.885
5.63491537891e-59,718.655
5.44808659166e-51,751.571
4.28776088712e-55,758.279
1.44632595451e-59,756.715
2.11601876859e-45,761.921
4.98329151652e-33,764.707
4.99557557496e-33,769.488
3.10762206168e-30,781.51
1.73858303924e-33,794.875
1.00887289032e-33,816.354
2.1313039648e-40,820.559
1.91318307379e-33,846.435
1.91328935698e-33,876.083
1.23529347503e-37,889.625
2.29225849222e-32,869.267
3.42103710903e-34,865.644
1.60237772655e-41,833.205
1.86615979863e-51,801.957
2.91841776654e-49,791.338
9.4395182481e-55,786.685
6.63626642958e-63,744.388
6.86325697975e-39,746.703
3.42109117521e-34,745.684
2.37895473958e-40,743.694
8.14676069007e-35,776.51
2.30732573248e-42,772.389
2.01745676463e-36,786.641
3.29412322804e-44,792.684
2.76978260611e-46,802.208
1.24716398499e-54,807.578
3.50420392459e-58,825.962
8.02672503192e-45,828.711
4.57474411933e-51,819.194
5.30726492512e-44,818.545
5.30726513065e-44,818.513
2.59845899093e-47,816.677
7.37918965112e-39,810.435
4.41606919215e-45,796.104
8.24100013243e-41,794.358
2.1368425597e-41,794.309
3.2988405153e-41,760.393
4.36101470672e-39,760.885
7.68112605807e-44,755.607
4.78313982804e-38,756.493
2.67741092236e-43,761.838
4.95767102849e-47,762.93
2.68389855258e-50,771.514
1.72190945674e-44,779.179
2.75677032147e-43,800.11
2.75677031068e-43,800.098
2.91625648394e-54,795.969
4.77722778611e-57,779.274
1.0483068964e-58,739.823
3.19069995644e-42,738.422
1.35380447114e-63,730.437
4.13595626713e-54,730.391
3.48069134969e-41,730.42
8.76252351522e-42,700.552
1.1516254253e-19,768.817
2.10538723224e-15,785.6029999999993
4.12981589497e-15,790.3459999999984
7.86342323479e-19,783.09
6.65619559035e-18,782.244
9.44654486708e-22,759.391
1.57292513087e-20,763.024
1.82614564556e-16,758.227
4.08915152643e-17,757.834
2.19211237864e-17,762.571
5.1746866843e-12,789.0669999974742
2.92848879242e-10,777.5509998312237
4.24866170257e-05,785.5456265149078
1.28788609927e-06,783.1538107883821
8.33741832399e-09,777.9449943260274
1.02888383599e-36,668.856
1.02888383573e-36,664.616
2.2840782742e-36,667.821
1.40337519908e-35,675.158
5.55791385023e-55,665.394
3.48200073461e-55,659.601
6.02039753109e-52,635.784
1.19717276963e-51,628.281
3.805959789e-49,613.849
6.53225128649e-48,615.792
3.92656097634e-47,622.562
6.53453763568e-47,640.189
7.035290317e-44,666.367
7.53363494174e-55,674.351
5.21284882646e-50,656.93
2.2868246963e-60,647.691
2.0377055017e-78,643.401
5.61088712618e-94,627.21
3.09735803061e-68,615.744
1.81990847822e-65,618.19
1.69616477484e-66,615.644
1.57521241715e-68,611.334
1.344227668e-56,618.017
2.86304891612e-72,615.707
3.66253214729e-62,630.96
4.01918306168e-72,637.276
1.95930736234e-71,624.743
2.39915378652e-46,628.798
5.05016125656e-58,633.957
1.09672758174e-50,651.064
4.4169257859e-50,647.426
3.35052321235e-51,643.415
2.97698786342e-49,647.395
4.01394330163e-75,650.502
2.97849950484e-68,655.02
2.97461147398e-68,654.521
8.82087664009e-54,671.891
1.32398300166e-39,680.222
5.91527050203e-51,687.696
1.0541762398e-49,669.669
3.20441776285e-48,687.496
4.43771197246e-44,702.941
1.39859473163e-57,686.062
4.72939177267e-56,695.446
2.01646313175e-44,703.719
8.73052866483e-43,701.839
2.32698539984e-64,711.604
5.51347215142e-55,705.118
4.22083563804e-61,700.957
1.88021877852e-61,693.266
1.24081039414e-68,687.508
3.07470810343e-58,687.58
2.44071414713e-66,678.819
7.04350725243e-73,674.583
1.27946601476e-75,674.409
2.7275846578e-53,668.25
2.6080037682e-62,669.481
2.35446567343e-27,702.976
4.37925037802e-29,746.781
7.63206592996e-39,741.158
5.25933542435e-37,739.865
7.78169770048e-27,759.56
2.88016920683e-25,775.672
3.61627645894e-18,782.862
6.57815795212e-18,816.038
1.01232837154e-23,817.226
2.05177134166e-29,817.609
1.97195495047e-26,802.952
1.06499769764e-27,800.873
6.33970796299e-27,785.099
3.29934240452e-26,783.585
3.2993425338e-26,777.121
8.21180020411e-30,767.709
1.77935600587e-32,764.432
4.31422012571e-36,759.74
2.8083438322e-25,779.198
5.34513509441e-26,781.074
1.7520999021e-28,775.025
4.02409828063e-25,746.435
1.71115712467e-28,738.008
8.37125845874e-26,733.164
1.2220738858e-27,725.332
2.76190833545e-35,735.27
1.32574519942e-37,725.771
1.35243954928e-36,720.37
5.93250820992e-50,711.066
2.9036789732e-40,713.493
3.62475595403e-50,690.362
2.73468240739e-40,671.485
1.45778229083e-43,672.882
2.26591117223e-29,676.779
2.30244035189e-29,698.213
2.36301945043e-24,701.792
7.9491726984e-24,703.377
2.3744199251e-23,707.942
1.49150109746e-33,700.813
7.44160630081e-27,693.938
1.89775548409e-33,677.727
1.89775395253e-33,680.905
3.11925979637e-36,694.585
1.29269999019e-35,679.968
1.51828367651e-32,688.353
8.7671382643e-32,692.582
2.77682129028e-35,692.535
7.02733887551e-36,694.848
1.36483276269e-31,694.547
1.42088214591e-28,703.891
2.35859390234e-30,700.524
7.44210859535e-31,699.355
5.26398071439e-23,684.815
1.50254066717e-28,685.481
1.9712871682e-33,692.67
3.47082171478e-31,700.793
2.46713487836e-34,705.731
4.14784391474e-42,705.383
1.37377164511e-37,686.269
4.82602399146e-36,674.175
2.90471452186e-34,668.952
3.56962850897e-45,629.753
5.54483022956e-46,619.422
7.72697001795e-39,618.301
7.37317329355e-50,607.362
5.79456316201e-50,574.907
5.09826482102e-49,560.401
2.27828507908e-62,560.748
1.41492610086e-62,564.68
2.01511866191e-64,561.568
1.97527596727e-62,563.406
2.10120417001e-60,563.849
1.85758682231e-53,564.851
1.08799088983e-48,558.244
5.9283678269e-62,554.962
1.85557396344e-57,549.258
2.79825632338e-71,550.542
9.81667761085e-67,549.192
2.716133417e-53,550.275
2.64393750272e-54,545.145
2.89024107637e-54,548.68
1.23673521439e-52,550.504
1.5623031534e-50,545.671
1.36043630428e-53,545.177
1.36043460268e-53,535.207
4.97464525781e-49,544.493
4.53262654366e-49,543.7
2.37871252352e-49,532.73
8.40874180423e-53,503.774
3.67856433611e-56,490.623
4.38909947856e-58,498.379
1.98541445172e-79,466.523
5.98124187308e-73,458.19
1.84504325262e-58,428.632
1.63994368696e-53,433.599
1.86220601307e-61,436.361
4.22044032883e-65,433.721
1.61634355524e-69,442.127
5.10310836739e-60,444.999
6.96920762132e-52,465.032
2.23759557248e-53,479.581
1.26178431988e-45,520.504
1.84087203388e-50,489.499
6.85775023129e-42,490.487
0.0922205654096,376.99009814867645
0.0940890627419,369.0486324251675
0.0991244303623,357.3522712915734
0.0977576758128,346.21640354759745
0.0988813356197,349.14541967106607
0.0226399454438,450.405781540119
0.0982297090817,346.99639651961354
0.0953027593093,347.9572934594732
0.0956396299168,348.2229678218768
0.0947637516634,352.3053979149498
0.094122970706,356.79401310756907
0.097667448021,337.5947880304203
0.108294998002,279.94001418611106
0.108548383421,286.6340512057925
0.103005640772,318.84961533346205
0.10728292537,333.7400061671099
0.106964473206,344.33039182844647
0.104661567209,350.89525145880987
0.105422374418,353.00932438903357
0.10011156911,356.48954635311486
0.0968124993,364.8269459441179
0.0191963285909,450.60309764647786
0.0944914122947,374.2093864628863
0.100022819254,351.1153944680435
0.106511473162,334.3444391793826
0.100718269045,342.7830442526139
0.107103536684,341.8121279408971
0.100738261158,365.13802555088
0.100418860923,358.9515544607444
0.0997654914823,383.8112949240859
0.021448010198,475.90918360322587
0.0985482209672,382.16361814595336
0.0986498521373,388.80234700327526
0.0980305267282,408.5526286533497
0.0990744099961,418.1522385161944
0.0992258280326,432.5397828416254
0.103231610788,411.53862167943527
0.106534470863,409.618907860622
0.0121617469156,495.9053028384546
0.108974528495,414.20586022302433
0.0972493979159,400.156056151222
0.093876024888,397.5576850052212
0.0883602411774,406.6524426653235
0.0848609208654,412.5604482841129
0.0811759488754,415.06213860747437
0.0830127117139,402.05338420930843
0.0823838397177,401.0715608329032
0.0944359579159,346.37441295272083
0.0952573689548,323.1360745262109
0.0939310267531,334.9003584985985
0.0942508101747,333.2632285502098
0.0871828294316,362.16495967396025
0.0927947035686,339.8474653377358
0.098962800922,324.97591174021954
0.101754101305,315.6116633458945
0.108870341779,286.13686277871915
0.11061407163,286.99376460073563
0.113250133091,283.426851463381
0.114381347738,282.32707116212055
0.115912258849,273.79536479471847
0.117900202395,280.1498431745355
0.0252172704457,415.74547397148524
0.118854415182,265.5537609780115
0.116959569345,268.96875672063095
0.114640149833,302.7400476348355
0.115806047148,297.69308385540603
0.0301424609835,433.1860477425029
0.100305091682,321.4106043406301
0.103971023754,319.9617352861486
0.102199932359,330.5686839515118
0.10031996804,325.0627192087354
0.10240062623,311.75414055900075
0.0985799349118,322.9162754435743
0.101423527457,307.34757011693955
0.101108545714,300.86926318342285
0.0956367468134,325.24164759275345
0.0975265897054,313.4224694941809
0.0889860682801,355.40415045453636
0.0925661049064,343.8429772475281
0.0875832573264,349.3728697731783
0.0163477053408,417.7451918290367
0.0792781221504,373.31553876342184
0.0826287896192,358.877858290602
0.0871395895898,355.19184702576024
0.0976284739464,336.23398301005193
0.0990715736551,345.9625749291813
0.0983533994422,346.5897762161824
0.106761588861,352.9068571117688
0.0991447243999,364.5125404396737
0.108720186136,347.1686706411515
0.100827320409,363.90363173078794
0.100631958623,356.7153977371107
0.100402229682,365.64004075787426
0.0932993641068,366.96699177912484
0.0884977623466,383.53061549498534
0.0952917014436,376.6727129252725
0.093920158434,376.3097675978758
0.104830754697,357.12026351466875
0.109317413451,315.2536306500559
0.117329149114,323.6452495669504
0.016136015269,433.47957371323423
0.11417516308,321.42440267913616
0.122089104109,322.3994453450091
0.116728069061,305.7484353025525
0.115086142665,353.49750827007796
0.110083449582,360.1095564786295
0.107956708868,366.1575338850333
0.107994904937,362.6308546870876
0.112995079244,374.0275746630139
0.0995112388384,372.3490330575446
0.106150474765,386.69299620921686
0.128522538453,362.7839962945453
0.119782996678,348.7211648671416
0.139097551495,352.00232658459805
0.146230536493,335.4749870531808
0.143136327282,330.56379923981365
0.128458731363,340.954347483933
0.00138318317891,450.272924936418
0.131320890847,326.311327124336
0.127311262387,328.72839439468436
0.11932322115,331.1493871596826
0.136419475458,334.4813044236747
0.164321915018,330.92967217720116
0.151709553094,347.65546240178696
0.12407920227,354.39222722018405
0.129431514336,343.3890995161195
0.131574993117,351.9455443037883
0.120831871509,343.4669202117817
0.115250280022,361.3598333759454
0.00997000423164,456.57650162785745
0.096930462533,362.1609979624236
0.0989532005992,379.2198864263386
0.0901227523149,400.569989154322
0.0780654487534,416.1357860165183
0.0699648148474,411.9841737341703
0.0759546460858,410.95104745273517
0.0740161740409,399.7442190603527
0.0762389705438,387.46519435665203
0.0734022674502,385.68485078487055
0.0672280831709,386.61165538821376
0.0752081414347,370.4431535653566
0.0775138816002,359.5156749881942
0.0788980364094,363.21612119360947
0.0907677399776,330.0162944675062
0.0868650637905,340.52617515230577
0.0809866641948,351.40803777092185
0.0772790755825,363.02221318630507
0.0776264288756,356.45392309985283
0.0753081400832,357.3276460777786
0.0737006078248,352.91503066531857
0.0712068944293,345.25312375698627
0.0703471171305,336.93645439939985
0.0665740217577,342.9123458912168
0.0725630662167,329.16480457161794
0.0810612562021,309.078147828899
0.083911119774,289.7178132494083
0.0913476735978,277.6274624652851
0.0750031439353,293.9364282057372
0.0789562929022,298.5880157344551
0.0832197598908,310.8524128239344
0.091928683298,308.130500031212
0.0919266660685,320.7909087121742
0.082286884322,326.4333318514474
0.0674883097099,338.13036496241904
0.081464423867,324.2624674253848
0.0858600134261,282.51975759472487
0.0820394820763,283.7110374560299
0.09386740002,269.58411820839643
0.0865563451952,288.6374105393304
0.096381310601,315.36217838773393
0.00445777148128,374.1057938734082
0.107825339767,284.20017951560516
0.108127559378,284.0575505831722
0.111366031216,298.2839076254878
0.114815838311,293.07179930976827
0.112204939534,306.7873245692465
0.112514919838,309.076416048944
0.128443944599,318.56505844276376
0.120539051485,337.288797019493
0.124284097514,324.2193099606733
0.127788869593,298.8580655379159
0.159414327176,313.90454590894785
0.130929130274,310.8796156577956
0.119484182726,320.57165147896995
0.114623321601,306.2957707952626
0.00142385900655,388.4989140192111
0.132052546205,275.0759380696208
0.163055125811,264.02560668343926
0.000451823137687,453.2051868983638
0.000350601275599,452.375432482335
0.177887791465,292.55702153852104
0.164676794679,294.34745641311906
0.170738820458,270.37132661068506
0.168044229027,274.0839591939222
0.166616548054,273.5150900734775
0.170533891481,258.9093678421533
0.000361362599716,423.1376899213526
0.000271252650772,423.89676872993607
0.00650386916508,419.8192738554543
0.00013538080528,421.69409598081614
0.173667933836,239.96244307747924
0.000176695337092,422.2721433516374
0.000165168408662,421.2974381731267
0.000256119947719,411.40711104261
0.000272856816805,401.7557226291077
0.172083324764,231.49708305228665
0.000394033066762,399.26221591993664
0.171754968442,240.50376470174749
0.169489459625,236.59235002452436
0.144341030388,245.66208542896243
0.000771707395322,390.84111082009053
0.000622200466002,388.22492388318904
0.000543957172588,394.72470499624154
0.000503806122204,411.54305420130237
0.000585324592373,408.0356411738935
0.000517596848733,412.8452470002293
0.171098813999,258.7020863429872
0.000569130734484,412.4500507497771
0.0004147334193,406.3865678367179
0.00057356388622,404.20277926077455
0.000740257834014,403.0379766252039
0.000863139686544,403.17850242664815
0.00104505242878,403.1423686758824
0.000903555324417,403.61049737428874
0.000926093416281,395.5250995209677
0.000993553972364,393.0779048623076
0.00106313270636,390.6121221516847
0.000908161207894,391.2418092097093
0.000581468281893,394.0030285085152
0.000481210086859,398.23517594633825
0.000339283234583,399.4755531956018
0.00033223873136,405.4052103682882
0.000312716334592,408.5611279237118
0.000300986734694,409.01074205377796
0.000408832907613,398.987932872981
0.00051353249328,399.04561719062656
0.000526441833842,398.1984592997669
0.178473377505,239.90902478702466
0.000521353826422,391.99527537579786
0.176425604561,220.40384673489547
0.0121421156552,391.5961085932588
0.000319312106658,390.19909383441995
0.00031697119711,392.76590410475234
0.000147509749926,392.4791871917671
0.000176881027483,386.17740164806577
0.000195127441392,382.2512575025076
0.00016865445486,372.551454970383
0.000191234099761,371.33096917960785
0.00017466513449,367.52714127531465
0.000163191150426,365.8894124817132
0.000229313986626,357.55947642817694
0.000248257622925,349.12766287513153
0.0004726237055,341.7378475874271
0.000320996382731,333.9778560177771
0.000229015397582,349.5799974073323
0.000337377302508,353.6769896292946
0.000487258503949,358.90476378026153
0.000465808108195,368.01970830781715
0.000441374253753,374.1273023627077
0.000482102511484,386.24771013431115
0.173956021763,227.98214811133616
0.000343403386787,391.7648471300603
0.000419328451258,383.92512654309905
0.000349968852763,378.2449084187488
0.167578317792,215.05927731214172
0.163209673593,215.72005842202196
0.163807716903,198.45334972129223
0.165036694982,193.70603243858017
0.163418556566,195.72123311569226
0.000327609427538,357.68560798306964
0.00394557721867,365.7496648160873
0.000261372467544,350.2690702982172
0.000336408034288,340.854480373406
0.000478104513553,330.6669010633249
0.000633009785395,334.5925028997934
0.000454383497936,323.37668739319275
0.000590137011611,321.4014566472223
0.000710613735592,324.00944651117766
0.000632161549438,323.3586665959134
0.179365784698,190.8491468626378
0.00067578946357,334.9604231544214
0.000697405787585,329.3247644196535
0.17302615322,187.3875746841562
0.000536186900117,324.82983715666626
0.000432557839584,333.0044276572631
0.000532715975501,342.7401878903752
0.000470349628787,349.24001578659113
0.000772860960233,351.6087718182116
0.000704273516098,350.9367620719556
0.000508579289287,353.9793799010603
0.00214694902912,346.3298937696838
0.00045054145639,347.70903895537117
0.000637581365888,348.64214658970286
0.000805232254941,342.89939044140607
0.000902973438895,336.3846181398044
0.00102007088589,326.8525820917627
0.00107211821648,324.05275814964386
0.000604521052826,311.84423464435736
0.00051072077252,308.30801423118726
0.000455744370063,292.5714283464981
0.00054230778852,285.2205316859207
0.000564429173196,283.63821030784834
0.000586365120043,283.55782066203386
0.00359872152794,287.45157326683045
0.00051224062503,288.36625373650435
0.000381163675508,283.7425144197485
0.000388465299848,287.08044618905495
0.000375890786209,290.26825618462146
0.000184195926466,292.6220643248445
0.000245820363342,287.5397562421006
0.000244760450547,284.79541727706777
0.000363071143105,288.1230411930474
0.00021436981511,289.9507033668229
0.000169777692344,293.93475671061105
0.000134699226612,298.444253743935
0.000153792187594,303.3032455526649
0.144655669905,156.54352935706285
0.144652780638,148.5323303551081
0.000440506420923,299.22967401583134
0.000391255968878,315.5822368454549
0.000390327705595,324.2063551029934
0.000281107452532,324.229139408311
0.00404211062533,322.3823711662541
0.00031022004985,324.22175347429186
0.00032215728509,321.5368369136569
0.000299976717741,324.70047684418887
0.000244653766198,322.55278585321946
0.00669767277469,318.4112772973301
6.8955187023e-05,315.8246853744535
7.70137887976e-05,323.1539829156697
0.00011053632273,312.731876690694
9.82761680993e-05,315.33761380768055
8.63927764524e-05,307.98913134116924
8.77332806405e-05,308.97851994986377
0.000135119893437,307.9783158523835
0.000156432335274,310.5453386618522
0.000165226232167,311.1242528112227
0.000146873228523,317.9444514360585
0.000170750926665,310.63568947871306
0.000180989464006,311.79205680219667
0.00252092990978,318.68619643138663
0.000188219390865,310.3524225221195
0.000175223012195,311.47391331692785
0.000278448802335,317.48099217140617
0.000219722420416,333.5269865876013
0.000289496994474,328.15137721999173
0.000322002635286,321.4370524108568
0.00032718666984,329.7578933875438
0.00024922306963,319.11033017625357
0.000205478009602,325.41635806307505
0.000173437209559,331.5085148557342
0.000190311740627,328.14293038902554
0.000149480699595,327.8229200553523
0.000131167271693,322.7186625566875
0.000140044673162,318.17057354811203
0.00013372416033,319.0390831109878
0.000139374287445,309.70263624410063
0.000126959561494,305.44738485775264
0.000155283940532,299.0549727367795
0.000146840490385,289.4744673969752
0.00136210982837,293.07859302332565
0.000242070498144,287.4349828049092
0.000215729780899,290.9194353784244
0.000233792159073,288.436846649309
0.000190809085399,289.19539535867943
0.000160618186301,270.3122267709656
0.000486288669529,261.5772203470156
0.000423409372982,256.89797676699
0.000415834646045,253.23753512531562
0.000299215732576,244.0584352529682
0.000479022517843,257.7092047077344
0.000312134217412,248.78319555657075
0.000291066245544,246.2379178564903
0.000251802211065,243.77530192758508
0.000200549359286,260.663128845334
0.000163461156468,257.10721680390316
0.000227319265305,264.4461004119006
0.000207239669192,266.80515459358753
0.00043660514469,271.8506299162601
0.000420976428264,277.7272063480818
0.000416431924078,281.8230077863273
0.133385979717,142.49567353813256
0.139949670734,136.89560607179928
0.000636797016027,283.93834259077704
0.133991252283,162.24100964372784
0.128300111096,163.4284700186377
0.13358229085,158.4491908490723
0.00110689531278,282.82854009949665
0.132886560486,175.6713699128453
0.122611708929,177.36700701095208
0.103673934594,176.2560786453631
0.000168819819007,273.6509656432937
0.000138993780199,268.1266891530584
0.000181816861719,270.44054857746767
0.000165830952837,268.80984812192924
0.000181186333604,279.54661800199995
0.000210392617693,280.02269231603253
0.000158392422245,270.4508160418938
0.000183884306735,273.43552380995266
0.000216643958071,285.89313862813293
0.137359691629,103.29939039221316
0.129458446104,106.40706003746342
0.000492342776365,268.3934955360736
0.140136709766,106.72649828312223
0.00904986326429,265.63462571647403
0.000323790323945,259.17048399329605
0.000354690551596,265.9416073589986
0.000386633709136,265.26786653249894
0.000287076816038,249.61696620284042
0.000269000984737,258.97583703100497
0.000258033110489,257.6297813207072
0.000354019134838,257.26213454350517
0.000393158194101,252.57814745275712
0.000491777503313,260.1397528857753
0.000553775924827,248.82482030053527
0.000495242972177,258.33582166581965
0.000566394486438,269.2012027145642
0.000376468373883,267.4508069916741
0.000408444005855,266.6687188047334
0.00060940562553,261.81026209977284
0.000525799144781,254.85834918770692
0.000421932581906,260.67504268472277
0.000669780907613,252.47071038235174
0.000581812567091,260.1367324836705
0.000475666983734,256.7401471353492
0.000453503876479,259.5323128713707
0.000506396754724,265.6639064941641
0.121926686044,112.1631348582568
0.000360730618703,266.8806921558099
0.000388125226364,268.0762907897271
0.000873083374938,269.95453450962464
0.000441905258882,260.2124708073335
0.00075599090999,265.2552493206891
0.000551376845085,265.73276399676064
0.000512484786004,264.33334052356787
0.000434819039543,254.20755387168356
0.00042033440316,261.6935591167399
0.000355689225466,255.40109472139454
0.000320315827328,249.91439329887385
0.00031051302365,244.27519578354304
0.133375914458,74.35460389940118
0.000242581318757,244.3014654597568
0.000173554011795,244.44964022769582
0.000272041027685,250.38985338720354
0.000273639314929,250.4093848774082
0.000282840037342,249.66616156385825
0.000256550093542,253.24286025496102
0.000341523350389,254.3264147033815
0.000323898689498,255.36835130585624
0.000308208050674,259.652042162185
0.000276215456555,267.57081643287523
0.000318705191353,271.6179974598185
0.000368951093451,270.8189797382218
0.000456922792092,277.5628466330338
0.000407157191292,279.6392551389588
0.000539624809382,271.84611990309907
4.89129598947e-05,265.9979083051036
3.68393634137e-05,268.9766657903193
3.57921923818e-05,269.0117693749064
0.00284044769868,267.4427636896758
4.20217581726e-05,269.2243075869525
4.8668535545e-05,270.41565748668984
4.52406410089e-05,269.5486077452995
4.06905779999e-05,281.0447093925364
5.28656679055e-05,274.98189136792894
4.66272033155e-05,277.0872950681644
4.43975347251e-05,270.3408010601497
5.35240084655e-05,276.032769386319
7.21544573039e-05,281.6670351019475
7.09863008071e-05,280.1723276800243
4.68271140678e-05,283.63547727325636
7.09886229945e-05,279.17273343314673
6.97477320094e-05,274.00491036536937
6.82197327708e-05,279.97034013894574
8.21517886355e-05,274.9866492114568
7.83423569368e-05,275.9978531691383
0.000573494591703,263.6593843901975
0.000348347494735,270.27558554666723
0.128977338333,107.27204893104445
0.124279681179,130.10414490735073
0.118764929397,130.24113848064874
0.110178018322,147.58196352094527
0.000261485333261,287.3556309906971
0.000316525087371,287.33835273647753
0.000286490947294,287.3472560959883
0.000351226237444,287.3261492372353
0.000316246738166,264.12015699084697
0.000383342449408,262.77285085981424
0.000385612378662,255.39533604652385
0.11412593803,118.75400514370509
0.000463140731238,254.91296357718986
0.000410211223458,254.93295604667193
0.000392131515421,246.76523195609857
0.000439502900387,249.22608882908867
0.000479629153012,249.8768495445121
0.000513682316598,249.86485447507502
0.000516361264301,249.8636073251225
0.143357304837,109.98503055001632
0.000643889574882,243.2130618951337
0.000564429125516,243.24566662606472
0.000629639240851,243.17789211252258
0.000467274912576,245.12565120076923
0.00050731355982,243.4533701264372
0.000369539443893,243.5031002192892
0.000411133361131,243.48810116565681
0.000405069800302,243.49252843802802
0.000384322445348,243.49766115722818
0.000188067265428,243.55888458603476
0.000223622909563,243.54766364856988
0.000158214900822,243.56736073363672
0.000172059943425,243.56295007600636
0.000206307249422,243.55272896048677
0.00018884220755,243.55853767674978
0.000188747502845,243.55864999597497
0.000239862684335,243.54357207683609
0.000264242542645,277.07973805732365
0.000274460431648,288.23708079867
0.000245691550304,294.303115649113
0.000263798982983,301.78442828596224
0.00022331066968,308.2930150721924
0.000319708417249,308.2625546775213
0.000289448777918,308.273050473377
8.50105895756e-06,308.351482326722
7.18820548163e-06,308.35175014485753
7.55398165521e-06,298.07367988052755
7.10584225398e-06,294.85276364015124
5.74816677483e-06,292.73503259947836
0.15051231291,38.85928204974675
3.79866428942e-06,295.8133763458857
0.161435010896,27.19807126847843
0.0125898125804,280.6454101497773
0.156633932516,42.70010201059404
0.141557562667,46.456370087329105
2.09825189163e-05,295.80997038864473
1.54575624016e-05,295.81111529901347
0.137668636643,56.711408644656075
0.148569685,61.72694985779356
2.15409233652e-05,297.656809339019
1.54021546705e-05,297.65815998831505
1.61345489893e-05,297.65799274648066
2.02868497933e-05,284.20513103054594
2.35311306171e-05,286.5424299410146
1.71901670179e-05,281.5058039729484
2.03151316937e-05,280.4551282869722
2.06772847846e-05,280.4550645741658
1.73248528776e-05,280.4557888892473
9.74178075049e-06,280.45731867647476
2.21344583682e-05,280.45474402856036
7.86795914106e-06,280.45768985996295
2.14400067012e-05,280.4549394183972
1.65825312894e-05,269.6449604745374
0.00435230539456,266.4053690581633
2.56826529027e-05,270.7651547295899
2.43171572193e-05,269.76747611877545
3.39682117491e-05,270.11842390168977
2.7174937108e-05,270.11994188018156
3.61408718639e-05,270.11798922963067
3.37787460256e-05,270.1185832550716
5.1042092588e-05,270.1145857108128
7.70223514711e-05,270.1084429591387
5.18198854778e-05,267.855551938005
6.58213973577e-05,264.57034444230476
8.03028319397e-05,264.5669146046643
0.00151223782443,263.90886353700495
0.000104005573742,264.560806506623
7.01847109196e-05,264.5691632135688
6.77930681673e-05,262.8626385698871
5.95537989061e-05,255.40151522911376
6.53900503705e-05,251.47011631069591
4.3350710197e-05,251.47533019372895
3.45569008255e-05,251.47710391137448
5.26697517844e-05,251.47283038271084
4.36968614949e-05,251.47500225501935
4.72515185298e-05,251.47419645992463
0.138489796188,34.208213880871426
0.134060325482,28.52935052444562
0.139482678778,48.11444663768836
7.05753926182e-05,251.46892479957154
7.04839143445e-05,251.46890676309707
7.56138460313e-05,251.46805825463454
8.59133088157e-05,251.46581996185526
4.73844103607e-05,251.4747937458744
5.60246672357e-05,251.4726451713084
0.00638827252366,246.8801482930683
6.64059153568e-05,251.4703894034634
6.3507063917e-05,251.47116788407686
6.49264764183e-05,251.4705716955658
7.85323355315e-05,251.4673326921581
0.00638987262664,246.77689188882908
3.06981145073e-05,289.1933061653206
3.63678873304e-05,299.1290800002152
4.64921858009e-05,299.1268684997571
5.26306519064e-05,299.12556376382895
4.06966875325e-05,299.1282467394746
4.36210695145e-05,299.1277402839631
0.131156387299,110.23923736040692
0.131068214761,113.27906034321288
0.000137584044502,299.1046800134166
0.115884013316,125.22674688148962
0.12940283206,132.21540462764654
0.00766458945203,293.1275410367113
0.126212903525,133.92285997811345
0.000140339786184,299.1045876159052
0.000116349360466,299.11120064092665
0.000186382713549,299.0932217618389
0.000172011131565,293.1422608439561
0.000149837803306,293.1475275952247
0.000236546939491,293.12354733121884
0.000195316986421,293.13527503081343
0.122787509654,145.514635328629
0.000542880445962,293.03134719929204
0.118290964987,157.14755502163004
0.00037568330498,293.08440104518746
0.114653467432,184.4282606319826
0.120724421451,175.57066070728112
0.117275532228,183.6568205351765
0.122821309851,182.6301642187804
0.123654671055,182.2694759334301
0.120841941955,184.4349549367864
0.11784463064,177.19667825101004
0.00953318173192,296.8849712766559
0.133024207372,164.5003257444912
0.123948264604,160.41094293221403
0.124582783709,153.02496454965416
0.133981937578,160.58883326378842
0.150846187821,165.01005666738405
0.138433201707,169.22499282977523
0.141173812989,159.62280496717472
0.144448278809,150.53349359798676
0.000467256639408,291.4198964579846
0.000357891504178,291.70751375694203
0.000302883295806,293.20181543716177
0.000239504205389,292.4445384860094
0.000257602810345,291.8132908371554
0.00011432759069,294.5169018813297
0.000129056360517,294.51376220435026
0.000113077304336,294.5171051356396
0.000144946255377,294.50996612409926
0.000156331627965,294.5073538789914
0.000120035052718,294.51562849805345
0.000164716156923,294.5052865449565
0.000194667267315,294.49834891740346
0.000403482729161,294.4446900793859
0.000255924460095,294.4836741030644
0.000322562989265,294.4662511135913
0.000318636736567,328.4599497996118
0.000359448428693,327.2646152711224
0.000278523892993,332.3695972809065
0.000195578309558,332.5129797764247
0.000278530463946,334.1321728904948
0.000259860026838,329.5540768626926
0.000179401392336,323.9709414998145
0.0391144408916,296.3007350032123
0.0372596527281,299.0918965684317
0.0333512070161,302.11770398297455
0.0418468560481,293.62059519645885
0.0428082817197,292.28842400948736
0.0490840569004,284.1729341829266
0.0491311642131,285.1549392823919
0.0443595283484,290.6915266995624
0.0474083605288,286.78933796586114
0.0529538580187,277.1473955829736
0.0466028787227,287.80033614209185
0.0449261885873,290.903187695968
0.0462697991879,289.78299764461525
0.0445266466032,292.88860558419634
0.0355191402481,303.36308478718195
0.0478320050084,303.507653985652
0.0368671316365,315.82754179482106
0.0455535143635,305.4950560976096
0.0475826552301,307.36770244230223
0.0466655506347,309.0353611051485
0.0627548352305,293.4347305688974
0.0647401625898,288.2429065133117
0.0723313994548,282.40785089124296
0.0769308006211,279.972486673902
0.0841838078278,265.9553169945045
0.129360753467,220.49411829629943
0.119001350885,229.3503753098577
0.128177810158,234.94954137078744
0.136092607053,210.89065802286314
0.144439009848,202.59344713651546
0.132517601932,179.10488685543814
0.134489798191,184.48333597855307
0.116434837376,205.2538763200563
0.136059783102,197.9628123006224
0.139333865637,176.63747200482894
0.142111773398,177.00757901286195
0.126304618068,170.15564871094145
0.140926214722,168.6311703703836
0.0139849741202,325.64892011515025
0.144142519095,162.09978744495086
0.125020753742,174.71013270117808
0.130692159896,170.63216817025327
0.13191483055,174.14200665605136
0.13835249897,157.13182320207162
0.135984249865,131.78102041135938
0.135239962267,103.71181166779104
0.14086217591,71.61368287102715
0.151398720789,90.9992325436811
0.16121368386,129.37180901953312
0.163005378777,116.2823804857745
0.183396920432,118.64123018246741
0.164587581655,129.89239707061034
0.167804122784,127.42359985681014
9.74326519927e-05,336.9499012812151
0.158763378419,135.09975119532191
0.153420547358,128.48790212813756
0.00014586990174,336.9398875664408
0.149168451075,143.72219702194707
0.15273617932,117.06419352425542
0.16354796526,130.83401995880314
0.156432892617,128.78111053495385
0.163470906838,131.7117272418164
0.175206666538,115.97490098711185
0.162952556738,130.29254489369671
0.174792386603,137.25324141417238
0.178196850555,128.90101899761893
0.185058033635,126.02347247412723
0.0134589073998,327.3710901116323
0.159314035576,131.72468137718224
0.160642051109,136.60599354700585
0.15485506063,134.3337264327778
0.166506531826,122.69663401309694
0.17974640558,123.55156089787505
0.174088415115,123.26587814386107
0.187808473573,132.63593086873703
0.169309012125,124.9659818726451
0.176713089058,145.31087174421793
0.160943425197,146.98602388084427
0.166106846322,128.15087543265042
0.165071063629,115.208612119263
0.164648751336,109.52013973820118
0.159427450578,109.01614275797175
0.179146233272,108.75073787011402
0.167378377286,108.22019624981695
0.182353975434,122.32032488850689
0.176156787393,117.65087943743464
0.17476055006,111.57142215522993
0.16337802252,126.71195833358291
0.156267087668,179.79499025784182
0.157120017796,175.5584709964893
0.172943006455,162.54352160479914
0.157164465699,158.38155254556676
0.158154080297,179.25611410422002
0.155003269446,180.07738748232924
0.146979913971,193.16112117720465
0.150244987024,204.64437895222073
0.158031775795,193.10787508232002
0.161493360666,202.85120886631108
0.135920206309,207.08919243098393
0.142465151401,181.65968347939116
0.140512289776,194.09473718813058
0.135730936606,170.563685553926
0.137388877619,178.911875950678
0.138750953083,111.57304165919098
0.145659314946,124.0151892780049
0.1529295194,119.1375721069256
0.152262229959,134.5657285698448
0.150104491847,151.25752329783742
0.150248391901,140.62846334472053
0.145626082087,113.4248528848301
0.145326037425,151.12863080800335
0.135163437754,176.82191633088198
0.130125171194,171.74040831703155
0.0264698442234,311.1330244685733
0.133780268884,165.8526699789429
0.135090121834,172.80682314059126
0.133796056488,132.7896012937907
0.135625458405,154.3598083024424
0.136067780008,374.31070847951014
0.140122033207,373.8760080760017
0.144654426103,367.3195055451264
0.142880217448,424.5332171267281
0.138708854054,389.29881175314256
0.143723844561,365.3043227881286
0.143631219281,371.64263674729295
0.144973699186,384.75262763012756
0.143207272399,384.4789669423732
0.140255236421,371.0505457553761
0.141567644903,354.32285364089864
0.13957175494,351.77120346449755
0.138885857295,365.5450757370075
