2.28809265328e-08,47.93454104442469
2.29068326172e-08,47.99308542601315
2.2816227891e-08,38.71289516500053
2.33557708062e-08,31.561442457007175
2.34084673828e-08,29.06776920689559
2.32618931603e-08,28.956724738486727
2.38578671115e-08,27.74391685339276
2.38156856131e-08,31.121034293044573
2.42182676468e-08,36.53644965159464
2.44062267747e-08,39.23167744139859
2.44982078028e-08,41.201253858883135
2.41685248699e-08,40.33621631952579
6.52145610703e-08,-102.95143653554302
2.39537632286e-08,48.78807211273286
2.41428885173e-08,44.288339059477224
2.47004917719e-08,51.0521911713723
2.41952329263e-08,44.19683143465605
2.38454745501e-08,53.487095824294755
2.4130348633e-08,47.486444154276924
2.35456729893e-08,48.17173292899001
2.35398007319e-08,49.51486851296481
2.38561598432e-08,47.55888377423089
2.37885588136e-08,45.8183844778565
2.41552254729e-08,48.39553342493781
2.40705604123e-08,49.041976338207334
2.38369601422e-08,56.13766860109867
2.43153016704e-08,63.49268418726636
2.44613849336e-08,45.606158287744265
2.42601652961e-08,49.12952046130958
2.47875563414e-08,49.54715196421655
2.45322531137e-08,49.742731364428124
2.47527557504e-08,54.96897301770073
6.70436525656e-08,-87.29237287264709
2.48069273368e-08,54.330269320679264
2.47724287794e-08,55.02740968717771
2.47883035486e-08,74.12902802585394
2.45416726624e-08,98.94759449115473
2.48605843249e-08,104.68436201659765
2.49652137264e-08,115.89542152518702
2.50775873351e-08,90.6232010062264
2.4961071777e-08,153.59153764379343
2.54188102195e-08,154.9295712931773
2.53328538186e-08,116.97076975900087
2.50893581052e-08,156.91236265222406
2.50026166848e-08,157.70662808528613
2.50619442336e-08,156.8961756368152
2.59219994635e-08,151.29427917109507
2.62880109705e-08,227.32064150855476
2.65684624359e-08,226.36376567095954
2.64256349417e-08,225.1164300787766
2.64470397229e-08,224.7982077511755
2.6250144252e-08,226.63231277721195
2.62350281463e-08,226.38089724227726
2.66893019033e-08,224.92592454063754
2.67077348498e-08,226.39384842056717
2.63936459005e-08,227.2259332495202
2.61123388408e-08,212.0846941803446
2.64272381406e-08,201.46363250408152
2.64631059417e-08,193.57868741417107
2.64902362796e-08,206.40446424323636
2.63797382099e-08,208.27335633218752
2.57654382503e-08,218.33213238504587
2.55282337794e-08,217.01737022035843
2.55316071959e-08,208.74646122638995
2.58285301529e-08,200.66332092124534
2.46044876529e-08,198.39102950534004
2.34377827782e-08,194.71104559844494
2.29883120278e-08,195.47406241445037
2.32480525527e-08,219.68904902853262
2.32165119965e-08,224.9961965913469
2.33774672276e-08,226.14151224865182
6.57824295119e-08,83.80434304479871
2.31782009823e-08,224.74627569952943
2.27193149999e-08,231.86726561440753
2.2477837288e-08,255.79139061689318
2.24877977123e-08,244.0476605983876
2.27103046538e-08,240.30780939536518
2.2602573645e-08,246.33039709787062
2.2379570023e-08,242.98000061008486
2.23225872259e-08,259.14450934793615
2.27684615103e-08,260.5850473908929
2.24536606067e-08,251.51949701242006
2.2591029546e-08,241.48843142633848
2.26983022845e-08,225.5789606658242
2.22725702364e-08,242.33112979357549
2.20692983026e-08,234.26638802001133
2.21419022323e-08,238.60694215288652
2.21394649783e-08,240.3637828755484
2.20091320375e-08,243.0008179059014
2.18276577537e-08,240.24137678049112
2.16846051688e-08,247.66439901734338
2.09202687639e-08,247.66197618011785
2.08050530271e-08,249.80516950643377
2.0930161143e-08,245.44402590163867
2.07472893367e-08,243.55635568272533
2.0630406808e-08,251.2093364213963
2.08643528594e-08,256.60562214348386
2.12153813667e-08,252.68652415448463
2.099913855e-08,245.24691243858177
2.0805095423e-08,245.9496347158688
2.11711147616e-08,256.4933696585525
2.09937400932e-08,263.6750578903442
2.10054380499e-08,288.85674249477677
2.11474641439e-08,301.11795833862493
2.13674655174e-08,285.74805485491095
2.16147994872e-08,273.84544932191346
2.12306233122e-08,277.2197176045087
6.56606133373e-08,125.4493080521141
2.09737941989e-08,277.5092980816803
2.08496852033e-08,281.49991243858176
2.10885335979e-08,279.1715819085106
2.07872309099e-08,274.76030286635785
2.08127742537e-08,272.11888466268226
2.08052342033e-08,266.97376236554777
2.06085478096e-08,266.44852008213047
2.03200729446e-08,267.2694120202434
6.49498986274e-08,114.30401023610366
1.99656875021e-08,268.7043258450366
2.08470343478e-08,263.363860052551
2.06454656274e-08,267.61319021768315
2.08726776297e-08,273.1744148307178
2.07737669673e-08,271.19860197740434
2.08772952077e-08,272.35290825633285
2.08004796312e-08,271.2953832490856
2.08603795968e-08,273.44432408641813
2.06825943083e-08,242.64197710982745
2.07629426415e-08,238.91533835660692
2.02679600801e-08,245.12358477570544
2.04972659459e-08,233.77276884171567
2.07984522107e-08,235.4920061774697
2.12317165259e-08,218.22784978221404
2.1731194652e-08,192.5668321044011
6.51287647454e-08,49.48915466240041
2.16210129953e-08,187.83384233889524
2.16450264922e-08,183.3056464799284
2.16535923424e-08,174.40000915369248
2.16439779957e-08,161.88700915369247
2.1917382645e-08,139.53108748858398
2.17520512332e-08,187.18645274614136
2.17571301543e-08,200.2006386809868
2.1844849216e-08,196.4154527461414
2.22310083667e-08,197.28089530591785
2.22341408299e-08,199.09640415458244
2.18013323929e-08,202.51129461813497
2.16478282087e-08,210.02514363682917
2.17102632579e-08,213.45509735165086
2.18721573523e-08,214.5650441291683
2.16840567386e-08,222.1008455958056
2.10766148285e-08,224.22084385835618
2.11251659385e-08,220.1751746639835
2.12504019414e-08,218.5284664743883
2.17074412623e-08,222.25268159009823
2.17986660629e-08,228.32965868404682
2.19506373189e-08,233.41340522558949
2.19366594908e-08,237.40522312173408
2.20747938434e-08,247.36469803321222
2.31021851863e-08,243.6841592079735
2.29147908638e-08,242.72700581633705
2.27476509265e-08,255.58971803144442
2.28488244878e-08,246.28622900700418
2.30514633075e-08,246.01834890838268
2.33033638892e-08,244.00341958403033
2.27216090786e-08,234.5585692477656
2.29704055053e-08,234.63246780030647
2.29189541551e-08,235.70815200306788
2.30438414904e-08,231.6689522301486
2.21440745219e-08,233.10043418428916
2.19427159231e-08,233.1354289273866
2.1969480152e-08,225.35660325717393
2.20788911099e-08,217.30753629541266
2.22910514077e-08,216.89549284632892
2.22574028082e-08,217.76977575783496
2.24067859691e-08,216.57634187639883
2.27276559555e-08,217.81266470133016
2.27411543716e-08,219.48440439434955
2.24001599265e-08,220.69251608579424
2.19118691515e-08,222.39033779390314
6.29290811996e-08,80.44922281345407
2.2119951567e-08,215.022994664437
2.24817736368e-08,207.6944354366846
2.23414159004e-08,206.69849284632892
2.24831313289e-08,201.1827219450106
2.26480208783e-08,197.10146836978797
2.27190062084e-08,194.92949994994785
2.2581650219e-08,188.43442713820235
2.32038545687e-08,191.07860316909847
2.29335540143e-08,190.48879152652978
2.32869401145e-08,187.8080902555099
2.34394792796e-08,191.1067636679674
2.36827476128e-08,191.48418373028292
2.35678522265e-08,197.42316883637656
2.33942877293e-08,200.67190763807147
2.35365730468e-08,201.8044959275064
2.34923140443e-08,202.1367107434251
2.30984890533e-08,202.96882736441108
2.29667638114e-08,200.18263558297025
2.24849735317e-08,197.07145655538028
2.25679555012e-08,189.36115352342404
2.26315631846e-08,191.22515356948907
2.23869978647e-08,188.13565917825676
2.22920920188e-08,175.80623529451242
2.28157937671e-08,171.28940087123289
6.35888209176e-08,32.337339029983156
2.29756805069e-08,174.6004408017355
2.31136411307e-08,154.92573898539587
2.36437736661e-08,149.02771889071917
2.3420414776e-08,151.31255840919513
2.34638474318e-08,151.84340398618227
2.34719717979e-08,153.815111082614
2.3791821252e-08,157.3395212913664
2.3692592953e-08,153.86084235618827
2.36729010048e-08,147.476067426766
2.37050717635e-08,143.6053854732017
2.35882713062e-08,139.28147678441735
2.30615684519e-08,132.77306020677497
2.31731129649e-08,129.02584337634227
2.32318730305e-08,110.0621902835779
2.29522328357e-08,112.52755995373441
2.29726806063e-08,103.83357130101324
2.30648268847e-08,86.54305165754045
2.31222876674e-08,77.0373035368011
2.26786931846e-08,67.69330670938348
2.26376830764e-08,62.82032666418216
2.26421194177e-08,64.05930490651967
2.25022958156e-08,68.64907655118154
6.3722257563e-08,-66.3060721413525
2.25205254461e-08,71.12849343750034
2.25064668359e-08,70.63326135486693
2.24505627829e-08,65.89274181105627
2.28035684782e-08,62.034239712167846
2.28687562036e-08,62.808471657040144
2.24928890499e-08,67.68374089977638
2.26040744296e-08,68.38670519582092
2.25751330762e-08,67.80161018880969
2.25265578478e-08,67.12237359580791
6.36897554393e-08,-67.82838431332462
2.22336607298e-08,67.87833674736584
2.17605305494e-08,68.73699193121163
2.16596479156e-08,68.71799435405035
2.15756733515e-08,69.58647129934471
2.1537037612e-08,65.10595621668341
2.21666119555e-08,56.31141223420977
2.23116707336e-08,51.35463915064955
2.23307902109e-08,41.88131537963231
2.2738181722e-08,30.56750195342029
2.24782253991e-08,28.742287900331647
2.26539333879e-08,27.35167200103099
2.26338218924e-08,26.997553951606918
2.27136043984e-08,26.51717369475871
2.29256762151e-08,26.120485451683265
2.23413805032e-08,26.01157409885144
2.22401933327e-08,25.81418066886299
2.22401933327e-08,26.137180668862996
2.24126222996e-08,29.340964463605943
2.2259671971e-08,30.790283570550287
2.21608462912e-08,30.293929576283887
6.31638710347e-08,-108.32752392797015
2.18153534426e-08,30.836241475892294
2.17791346389e-08,33.3691516263698
2.1684112379e-08,31.641994852594763
2.21278685964e-08,31.256598551387867
2.22528452922e-08,31.251835667148114
2.11252324209e-08,125.61549206493068
2.10273628105e-08,127.33112851894866
2.09928051315e-08,130.22919298603537
2.11492426923e-08,111.5278293109378
2.17072737786e-08,110.12020595648022
2.16294183637e-08,111.6101232616562
2.18537104104e-08,125.29989991664367
2.21827590467e-08,121.4795944840717
2.21623995602e-08,128.78030238219583
2.25706838924e-08,150.06029200742216
2.30778844249e-08,172.67905619617713
2.31025303681e-08,185.72104402735113
2.34462188281e-08,164.80759558435398
2.33519991781e-08,150.732879247656
2.29333885394e-08,138.83487030748947
2.31823410459e-08,120.71514296912984
2.32296714861e-08,123.22349426612764
2.31214251159e-08,136.24453960132377
2.33081462743e-08,146.26059283958642
2.35592691232e-08,152.31834566230674
2.34522039206e-08,176.62515106894315
2.34337331531e-08,183.37401422031098
2.34083670122e-08,185.41482155094303
2.34515446476e-08,174.90035676773448
2.35058908898e-08,182.4903622423683
2.31473695207e-08,190.47178241328362
2.31092717227e-08,188.14084066874113
2.33745100285e-08,187.2333318735223
2.34799804912e-08,198.1660009918632
2.36043159028e-08,202.7440837999241
2.38923951327e-08,223.14579065253554
2.38859002239e-08,229.00194692414777
2.40144646951e-08,233.94699425026874
2.42761200233e-08,233.27778979017916
2.42560662011e-08,224.2721375338936
2.41761345837e-08,199.80510368143092
2.44887006808e-08,185.55699498915715
2.46505490789e-08,177.5623719905945
2.44668937078e-08,162.83325827182998
2.50520594414e-08,152.29040817134353
2.51280004793e-08,148.73614403967355
6.91666561498e-08,11.96631379225417
2.55729214708e-08,148.38389909209025
2.6054872297e-08,146.9638894191259
2.63061422037e-08,123.44038901423528
2.57568085696e-08,116.27203260354574
2.58789650541e-08,125.51908606426342
2.60915592787e-08,125.38835787238853
2.59237086276e-08,132.2487227293238
2.57248109891e-08,138.09099149941773
2.53252336487e-08,134.08027994029197
2.50572190699e-08,137.89609938944136
2.48284216658e-08,130.98954773826432
2.4906424892e-08,127.53014347043668
2.52613741037e-08,128.8211707133076
2.53691911941e-08,129.50398249619727
2.52451646048e-08,130.71075796855618
2.54830343929e-08,128.5655341197281
2.60599377432e-08,129.0395916568171
2.59855583208e-08,133.35774215571834
2.63129818664e-08,135.4297976172493
2.64395194909e-08,145.63719519824843
2.60937447431e-08,142.0560227798279
2.5996767963e-08,139.9527141497839
2.60832888173e-08,136.57831589277907
2.46108472938e-08,124.39169737721988
6.63343253482e-08,-22.192277576462885
2.43414092854e-08,124.11150374814254
2.44372356804e-08,121.31917381828043
2.45049706772e-08,122.56358085044751
2.40673248572e-08,119.5567604447964
2.40574437275e-08,109.42837431696313
2.3934410957e-08,105.95466932678168
2.39034333815e-08,104.4124690950124
2.3666214562e-08,89.45215930910038
2.37713383676e-08,90.37345388143609
2.35640978313e-08,91.45919590082907
2.36629920089e-08,93.79043629288095
2.37889962488e-08,97.63187196733332
2.29165477593e-08,96.77649191028976
2.30716123844e-08,96.14832278620209
2.29006799951e-08,92.17208602984473
2.29533782571e-08,93.02020585752538
2.28972361349e-08,94.14048355564314
2.36524803403e-08,92.02336442176893
2.31705938171e-08,83.12606717862829
2.29864627566e-08,83.31564879003624
2.29266787537e-08,83.51692970147745
2.31694327301e-08,85.5867586663647
2.31328620188e-08,90.22601571509114
2.27596796179e-08,106.52698080572304
2.26759674844e-08,108.0428286786219
2.27438643447e-08,107.50144910484843
2.27758814245e-08,100.2350456713753
2.32417617587e-08,96.5188638924623
2.35222915745e-08,96.07996017402236
2.34489574543e-08,97.3901824015957
2.36469720755e-08,98.28435886739452
2.33916166639e-08,99.81737592340701
2.38123073005e-08,100.8491120973502
2.37578263515e-08,97.70489106190472
2.37079614871e-08,96.03889931733136
2.37750306227e-08,95.71019747304793
2.38208201304e-08,97.24650063837355
2.3764251587e-08,96.09495979979899
2.36567550269e-08,96.024307309004
2.36699991526e-08,98.16155203248678
2.39473270255e-08,101.0597462206996
2.46455385454e-08,102.21683079328969
2.46466740367e-08,98.87763178318647
2.45626184676e-08,99.25661039035522
6.58666806711e-08,-48.449248820175484
2.4316610319e-08,100.72906949231293
2.38704923585e-08,100.9058752122107
2.38613169906e-08,101.17709082315703
2.38182637068e-08,100.17543378392175
2.36195307016e-08,95.8856740940259
2.38053091246e-08,94.64179384954676
2.36476240482e-08,94.82500387952126
2.30594708257e-08,96.80472492836721
2.28546446188e-08,99.35735713577513
2.28457943582e-08,106.3319362556487
2.27560159268e-08,110.02638880814708
2.30749786622e-08,109.11208607054498
2.30422113758e-08,116.95668975053043
2.2834072844e-08,118.35590327168883
2.25695270994e-08,112.11573709272602
2.25472324526e-08,111.16286783153697
2.28168961151e-08,110.57108920667291
2.31103303901e-08,114.57082323903339
2.29044961446e-08,113.9509365898471
7.90538514612e-08,-154.97317798754557
2.60385380171e-08,15.748512858714136
2.60871975028e-08,15.076008247174698
2.62066111576e-08,13.546860320891966
2.60469682766e-08,15.167793577117024
2.60175727175e-08,15.13153152817408
2.59673363914e-08,15.056720770044876
2.57859761473e-08,15.817929334115462
2.54713083658e-08,16.726869487208432
2.53049799277e-08,16.091877616140465
7.82162661668e-08,-155.18690799934348
2.54943984517e-08,16.90454438944184
2.52107445128e-08,15.261049741700802
2.55516792973e-08,12.076399969380077
2.5325600193e-08,12.015852304135393
2.54322426107e-08,9.998759659130073
2.52864097218e-08,11.573136827132274
2.52807962164e-08,7.253980221353402
2.49345819822e-08,4.255425498658269
2.49173709878e-08,3.7985983746426797
2.48179723624e-08,5.2577131155405965
2.50216040356e-08,4.829041884093073
2.53142737151e-08,3.997253777674686
2.4633914209e-08,4.206603870079704
2.47716344603e-08,3.5102268170488315
2.48920854914e-08,2.5438053305249326
2.50658379462e-08,3.7258804896133597
2.52246914852e-08,3.0045100616203513
2.523221131e-08,-0.07140971423234532
2.48613005322e-08,1.1592397620162416
2.47501112447e-08,1.6485193821429647
2.47150381392e-08,4.223103599347127
2.52353400237e-08,1.035749612821931
2.54895198106e-08,2.28063846763834
2.54874252802e-08,1.6126140591655655
7.77927217638e-08,-164.7988704417893
2.55773147304e-08,0.8957103954004282
2.55029498971e-08,-3.4953046009458433
2.5809078186e-08,-3.2357088152224946
2.5998244535e-08,-6.532218792432872
2.63323648201e-08,-5.940114515464472
2.68062642109e-08,-7.478426788109317
2.67709206373e-08,-3.8521729685059825
2.61213193099e-08,-0.4182454328160219
2.58427402969e-08,1.437820716063925
2.57850026792e-08,4.080270709966825
2.57941616113e-08,3.505964118060163
2.574622989e-08,2.780146414122342
2.57357473731e-08,-1.5493123162857643
2.51479843726e-08,23.65845167569003
2.54133678672e-08,0.6047851716313488
2.56428785736e-08,-3.446864204831229
2.54596474477e-08,-1.201497198801519
2.53789622853e-08,-0.84593111467413
2.53269503684e-08,0.008244400725416767
2.52269000814e-08,1.0875216371647838
2.53843577884e-08,8.496913069310594
2.5690108096e-08,5.901074516962964
2.52219598563e-08,6.331565165361383
2.5018945156e-08,6.8289081669135925
2.51513487362e-08,6.587941052586672
2.5094358154e-08,9.365369229546488
2.50783612971e-08,11.899802372793687
2.52201492952e-08,12.301618468917326
2.51451297817e-08,16.646095926775672
2.40587653445e-08,17.763647750426955
2.41208223882e-08,14.34939210135731
2.39737342019e-08,11.850465389711914
2.36759450105e-08,1.4133921013573172
2.31178938782e-08,3.9107669518246126
6.88567349288e-08,-174.38528209988988
2.29040429258e-08,0.9191734576961892
2.28698170531e-08,-8.42145254449595
2.18743015791e-08,-12.30671639357709
2.15912924174e-08,-9.361480817581892
2.14715450093e-08,-9.554625127484258
2.13890648102e-08,-5.693013627721612
2.18567726199e-08,-3.848069773938448
2.16619106343e-08,0.3005024976577175
2.22440568276e-08,-0.6036386375020584
2.22853942874e-08,9.60357638703195
2.21479715093e-08,4.28320647196125
2.24396728079e-08,6.5136933905530725
2.21908708397e-08,1.2788011251373064
2.18767204817e-08,7.778718981559848
2.19341418913e-08,-1.5723841902238007
2.18574792917e-08,0.8077369946704209
2.16053182412e-08,15.115854755588344
2.21003426147e-08,21.310590646172756
2.23527407648e-08,23.61004096254993
2.1995220951e-08,36.021684386459896
2.22079212403e-08,38.1283971234152
2.22085674191e-08,42.704097558049966
2.21307885898e-08,35.43549140434993
2.19881179014e-08,38.61892866249221
5.95152461287e-08,-136.94557705451808
2.20755079064e-08,55.74002572077853
2.16804176652e-08,33.426170160054426
2.17160007315e-08,46.4969064915872
2.2071197316e-08,52.05875286746223
2.22240983716e-08,48.940820320401144
2.22514073791e-08,71.31204436868515
2.24053541102e-08,70.85532913361644
5.85079482313e-08,-98.73211371903818
2.27057738627e-08,71.7948558102378
2.34381318111e-08,66.70572618504963
2.30715742964e-08,79.80416103744832
2.29882814026e-08,72.882038303174
2.38044055533e-08,67.57931657587162
2.36268942855e-08,54.568070657555694
2.3937780624e-08,52.1776473564145
2.38555042629e-08,52.039990539874566
2.36664226486e-08,45.12775782901372
2.31030020232e-08,45.547970324041444
2.23280414927e-08,44.902948733106854
2.22191270633e-08,41.19751983986433
2.26453210401e-08,37.76510401028261
2.23841755351e-08,37.13212823740804
2.17207591404e-08,45.13787419408132
2.14444555476e-08,44.94953611361697
2.19459472504e-08,41.871119761538296
2.24361623679e-08,42.192219875404334
2.28101196268e-08,40.273194737267545
2.28634647091e-08,39.23940940776092
2.26008534652e-08,43.743253686068755
2.25596058749e-08,45.99308232291361
6.13720234073e-08,-127.38138048982813
2.21502742549e-08,47.14850164837662
2.23243922244e-08,45.86487524625886
2.27017458313e-08,43.10290468870696
2.29360846381e-08,40.896117130646445
6.18195361515e-08,-119.0536486298088
2.40095065534e-08,43.73054204305086
2.35678841739e-08,43.16232649745632
2.38259442557e-08,62.21988395822734
2.4182784621e-08,63.13242225185988
2.37529426803e-08,79.00714490909598
2.33253317018e-08,82.56717113405492
2.30353493854e-08,99.70868845388469
2.34880063456e-08,97.58095883950062
2.3709140104e-08,98.19354574633192
2.38366765139e-08,99.22473566509572
2.3775865962e-08,99.9409608652434
2.30006439413e-08,109.33345259520908
2.30998101583e-08,113.60594593232864
5.56869443691e-08,-51.99801257442027
2.35437508833e-08,146.1774145716628
2.38956520722e-08,157.1039487524355
2.30959393414e-08,153.31515203207545
2.35814492543e-08,147.08663359606174
2.39372828405e-08,148.79342850466602
2.37643041734e-08,148.88981223875564
2.31870910193e-08,146.19827948449262
2.42199051002e-08,147.05700807932223
2.51137785184e-08,148.20601622383293
2.48827351033e-08,156.02841533451675
2.46862117222e-08,162.7880581057626
2.45179034407e-08,163.25737663381216
2.38685571714e-08,178.75406993125165
2.45662141898e-08,185.9958608404215
2.45778706562e-08,185.06114612961758
2.45293889415e-08,224.14955809936706
2.49831348881e-08,220.10478009725685
2.4238838032e-08,224.26480232590862
2.48336676152e-08,226.4060884854363
6.12897498153e-08,61.9633102600161
2.39340241762e-08,228.46464144292716
2.33844708951e-08,234.3019865996943
2.39556355299e-08,226.75238445882175
2.4045445963e-08,235.11137062773793
2.40814932116e-08,241.1671607458401
2.39495962638e-08,224.9236823075008
2.41048415093e-08,220.85246371888465
2.47504001564e-08,227.49730527337488
2.51282939423e-08,225.19063944625645
2.53206094676e-08,226.5568694498385
2.49103314118e-08,288.1268022445504
2.47707321687e-08,283.7373807993441
2.46786229564e-08,285.7880111434148
2.46561058318e-08,283.5261485390829
2.47738091321e-08,279.1318065562029
2.45127672953e-08,327.1564333385171
2.47218184026e-08,324.3634799562059
2.37964087538e-08,339.0158476266912
2.40851430037e-08,347.9453925923637
2.47972118078e-08,346.1464521482859
2.481907708e-08,362.554069193181
2.47781252185e-08,341.2031491164706
2.50328605759e-08,330.920612104628
5.790034209e-08,175.18497602006653
2.48624988006e-08,338.80771639407885
2.47412560006e-08,325.14071205635025
2.44628568687e-08,292.72639923778775
2.39826067808e-08,290.5728756189595
2.43577882194e-08,292.4907046261882
2.45065479669e-08,300.75993378998993
2.48729494485e-08,311.7267397277376
2.45673745453e-08,311.7713730312111
2.48058222979e-08,313.0876615697448
2.5170961895e-08,309.36810854317986
2.48978704013e-08,311.60981869339696
2.48485501896e-08,223.49608792428947
2.49165472678e-08,219.28724046258193
2.43567849738e-08,220.30280351098327
2.47772691735e-08,225.75100553905324
2.45555697598e-08,235.77658455489853
2.40713295957e-08,243.46858340479048
2.39181845686e-08,248.60328194026965
2.36764364483e-08,248.64368814663462
2.35113821503e-08,249.9909890079216
2.36298391255e-08,249.57656740154417
2.34634169083e-08,181.95722864173945
2.33492536852e-08,171.80878751012662
2.27999372606e-08,177.345182727965
2.29371174249e-08,179.81081567890246
2.32722492247e-08,179.02370134123095
2.34229390421e-08,179.27378293667093
2.37171469116e-08,146.8773285710892
2.42709814893e-08,150.42283724712416
2.3962208278e-08,153.24280558435308
2.31365459923e-08,148.66905184908637
2.3000388708e-08,150.4188330602776
2.30267011283e-08,147.66553392205992
2.34045888959e-08,146.13902341497786
2.40021438814e-08,146.53306046057435
2.38817935787e-08,146.4513902575514
2.32580128565e-08,178.54574425388955
2.34915345799e-08,179.97047792311992
2.40882062383e-08,170.04042016888877
2.4139459872e-08,168.9943030877223
2.44402411903e-08,169.48635422544902
2.46173300841e-08,158.75751166400465
2.45494013925e-08,159.9261792281809
2.40436398011e-08,162.41096929806656
2.38039375738e-08,159.8933030877223
5.97836278916e-08,-7.394560137831604
2.3993290083e-08,164.8573330619666
2.35559934402e-08,167.57033141397105
2.31447118175e-08,169.12506878297648
2.35280745702e-08,168.68584087484456
2.39102901734e-08,166.70359609361194
2.4055650335e-08,163.89927042786178
2.38084912759e-08,165.62164732422244
2.33698784374e-08,167.28847595800974
2.37879684428e-08,162.65208284874055
2.33769296111e-08,164.50709251378734
2.29891039542e-08,152.60957604277536
2.28550143423e-08,151.44171224143255
2.21437779405e-08,153.96383317263135
2.21874821998e-08,156.0623476975503
2.23591196443e-08,155.99833633223722
2.24086809975e-08,155.2981270541801
2.25481610428e-08,165.5350212337762
2.26818045144e-08,174.93439667540946
2.25941899567e-08,180.1560083088431
2.23949704817e-08,181.13607516115354
2.29854260077e-08,190.9514839090848
2.29972521578e-08,202.15940959221896
2.28927413337e-08,200.80583418591863
2.30766170895e-08,197.22157001875638
2.34733701779e-08,205.84971268939995
2.11705513159e-08,198.34071835567278
2.11692013644e-08,196.86991140935322
2.09841762928e-08,195.6213736313422
5.33445038524e-08,16.75116882666049
2.10975315874e-08,193.1262608662374
2.14729086136e-08,193.13640449854344
2.17298829698e-08,193.1911914217295
2.18759192051e-08,190.7820275773615
2.07870136934e-08,193.99142521669762
2.10250610985e-08,190.13408669915475
2.09521197121e-08,190.33821916408834
2.07884309774e-08,192.5106737251569
2.01504205868e-08,191.25086937079226
2.03827269889e-08,191.31855846371585
2.04538987692e-08,180.81564926252793
2.03218236427e-08,177.89884197094915
2.06738085259e-08,168.772889432477
2.09712264696e-08,166.48159091319647
2.04199684956e-08,170.24113169378177
2.03620166931e-08,166.82571029665135
2.02099116412e-08,170.32595245290636
2.04443595498e-08,167.01880144065174
2.0611031548e-08,165.07761917104352
2.05434318846e-08,164.6499195424824
2.04282300023e-08,161.29616905363156
2.05079929588e-08,159.32012362804304
2.08361626548e-08,160.91402339456116
2.11117690163e-08,163.04562107603064
2.17975053554e-08,166.08240375826418
2.16313938736e-08,162.95650877661998
2.22588085061e-08,163.95471380798105
2.17671142644e-08,164.82717342014791
2.22313697574e-08,164.1606930777217
2.27174822614e-08,161.23555849030208
2.28278960018e-08,160.80206638260452
2.27030969534e-08,165.76958200827173
2.28742836375e-08,170.35791976877607
2.28896157265e-08,172.24513810256022
2.26877823284e-08,172.7526842016387
2.28793579886e-08,169.83611907091367
2.27145401251e-08,169.073911071447
2.28360795179e-08,168.68245670477145
2.31114519464e-08,170.54721901699995
2.28690377425e-08,171.3232118653262
5.7034563967e-08,1.411529173782867
2.3475161365e-08,169.83389864959764
2.37967507025e-08,169.88776302425615
2.37363782065e-08,166.09530640653634
2.32995435607e-08,164.45172198608026
2.3795831608e-08,166.68464240983408
2.40062368126e-08,178.6521027868388
2.35970098607e-08,178.25446348810954
2.36016722608e-08,177.64138891717275
2.31939271975e-08,180.49548278109845
2.37305983893e-08,169.9407891813012
2.39094056745e-08,192.0997961537599
2.38527868316e-08,199.57490034384355
2.38484625793e-08,204.40868545642576
2.28472103272e-08,211.54398700586694
2.20922962986e-08,210.60844521279003
2.19360320032e-08,210.85755405612338
2.23506259587e-08,210.3318657320343
2.26492929523e-08,214.42151133112492
2.23920281221e-08,213.3315168918713
2.28786776683e-08,204.25224421481656
2.2014088986e-08,202.3296298077712
1.80929359951e-08,190.8884984510342
1.81291131477e-08,189.17676782967555
1.77434893305e-08,192.25569635763918
1.73368012743e-08,184.50442154937636
1.66027104641e-08,199.72934406239705
1.51151795923e-08,217.62158310491466
1.41978135671e-08,222.82746035092123
1.63486397385e-08,241.5739806339244
4.38687549703e-08,52.99966679273564
1.76994850696e-08,266.65914534417516
1.66048977354e-08,269.37551566566225
1.70016041597e-08,284.73556307800607
1.67385730162e-08,326.2267551939908
1.79048572721e-08,326.66001526851574
1.78294916492e-08,323.2099804769347
1.7333998296e-08,335.44685695539977
1.71389447432e-08,353.54434702392393
1.62500821346e-08,376.83929103228206
1.61563962951e-08,377.7724393681517
1.60755304382e-08,371.9376097255424
1.53169769221e-08,352.63586590959085
1.45394466325e-08,343.31168561342565
1.39478376811e-08,323.45102143284697
1.58348235505e-08,327.0116225557608
1.68886486178e-08,299.3453296446097
1.6685155645e-08,267.4892809395376
1.59634619213e-08,261.4987601850419
1.52029926723e-08,260.40494929684655
1.49784701257e-08,247.6119292312696
3.53366424974e-08,64.05806951957436
1.46586110344e-08,259.9555236370896
1.54395453703e-08,266.45852595479795
1.49651852306e-08,266.355806628919
1.52323119256e-08,265.5822185849951
1.56786319142e-08,283.44743772809534
1.4731115927e-08,300.9420796743964
1.39550689175e-08,306.0924251626645
1.51961707545e-08,329.4334777380058
1.60557513422e-08,337.8965152647832
1.71649592001e-08,343.190569552399
1.83644075016e-08,337.1504169088921
3.83203368811e-08,172.40964111458698
2.09473733177e-08,334.8269593517881
2.0211678728e-08,323.87786340461764
2.10933473603e-08,331.4208769109882
2.18481958467e-08,336.31397856247986
2.11063985985e-08,338.5651540328048
2.08039948427e-08,350.42967062628475
2.09224041915e-08,355.13051791946714
2.10837020957e-08,348.11197686584705
2.13983884196e-08,345.9786474127341
2.12343572359e-08,341.6445991445744
2.14234064874e-08,344.0444188733816
2.12954410399e-08,344.4516359183524
2.32896247074e-08,336.4209898032204
2.38952069354e-08,317.1000010853264
2.43151319985e-08,295.6963751329853
2.39640536163e-08,288.42534309840613
2.39385031413e-08,288.1272954577345
2.33269391617e-08,282.352853001541
2.31523987574e-08,278.14967590247625
4.1546661472e-08,140.8297224431696
2.37293526173e-08,277.7350306221049
2.34234600177e-08,272.6391638390928
2.37103425032e-08,272.65190605955775
2.37572631744e-08,276.9778325401461
5.07484774976e-08,152.00311722519808
2.65837198345e-08,294.58339221403054
2.59739451205e-08,289.4333445983837
2.57878734926e-08,276.37794702584495
2.55407302057e-08,247.60052697126795
2.62023282602e-08,233.45299986165318
2.58754681965e-08,227.81979776150268
2.57603247882e-08,228.22517743077623
2.55491895467e-08,232.17544406144592
2.55730650654e-08,236.45786159180966
2.53506889506e-08,266.2258577407733
2.49957426185e-08,266.96858251969627
4.63284124632e-08,126.5947931008053
2.4325746386e-08,271.45607383770573
2.45080135911e-08,283.360611063914
2.44508658772e-08,275.6891350106175
2.45551090217e-08,270.45873394913144
2.46010487429e-08,260.8501026228761
2.52933403078e-08,242.62705959209765
2.47658839031e-08,228.5702569145123
2.3202838518e-08,205.29507171766667
2.30316709681e-08,197.8982612038952
2.37759588564e-08,193.1740918386065
2.3443767537e-08,193.2542869842063
2.29928850875e-08,181.3546804696454
2.31963793623e-08,175.5157072930018
2.30958090953e-08,176.3699066879286
2.30075745772e-08,172.6930446111995
2.28373683107e-08,153.3744577081697
2.36430099195e-08,147.71947390252473
2.38649662894e-08,136.16803686905843
2.30086232045e-08,137.0931006200638
4.71729570745e-08,-20.19886996304166
2.28490597819e-08,132.02139875268674
2.20135814459e-08,137.45307724670045
2.15028394396e-08,144.1964676068844
2.22031015836e-08,146.05967459218698
2.14096009688e-08,154.52857900528218
2.23412128375e-08,162.82495853314683
2.10612096069e-08,169.28321636989622
2.07897173638e-08,167.89750443973094
2.05211010156e-08,171.052567783852
2.03666673292e-08,174.19333730609833
1.87999924423e-08,175.25206344360632
1.98037513926e-08,186.4141775932792
1.83568973905e-08,194.09314006412046
1.89076922589e-08,228.44694550333776
1.74572300237e-08,241.61330307338147
1.83187254497e-08,258.6932163320947
1.86877621615e-08,251.12853733218336
1.94724400485e-08,251.0360208990314
1.95739431168e-08,251.2796836032765
1.94730462363e-08,243.34371766079067
1.97636465548e-08,235.77022635935361
2.23319218625e-08,214.777731096498
2.11274980321e-08,212.18982979727588
2.12476485121e-08,218.37505849711937
2.19011678208e-08,217.94464787348127
2.18023213056e-08,212.38656548853058
2.14172224466e-08,218.8377526123362
2.16611837057e-08,212.58342491507622
2.1604652857e-08,209.18489623862737
2.19555296363e-08,210.2974822736813
2.23770986172e-08,215.46984775405429
2.35621450057e-08,220.32551894291552
2.39398873469e-08,227.3252063107901
2.34326717605e-08,223.12374859301218
2.31637241658e-08,222.30326216553985
2.27442329668e-08,224.65883834475116
2.30017983088e-08,216.67848117471874
2.32805434673e-08,207.04919621630543
4.83014387357e-08,44.58087205373829
2.3450933438e-08,202.69834504328952
2.28816567528e-08,194.24991732153512
2.30108522246e-08,188.6173914909553
2.26326764802e-08,176.81177128438623
2.1871217998e-08,172.36915698910008
2.12067836237e-08,169.4443740450052
2.16850784628e-08,177.32705942875236
2.15207378439e-08,180.96893762713404
2.17655642441e-08,180.41619194700704
2.16846452343e-08,180.15293167646144
2.17112962102e-08,174.5872714887321
2.12787321454e-08,178.202997280531
2.12475424813e-08,175.75518774482853
2.10336485789e-08,162.40062529278433
2.07809687515e-08,166.7225863806213
2.16362838696e-08,167.7876283033796
2.14417089661e-08,163.84289436055153
2.20046032839e-08,158.05515889419678
2.20262300698e-08,137.17115705489644
2.27664928061e-08,137.95445147138204
2.27769997747e-08,137.20167593289847
2.23808861269e-08,145.5105087365767
2.20047029589e-08,148.68623355337533
2.19294478741e-08,33.43548688563021
2.18624277308e-08,57.05926766440194
2.15763242597e-08,61.97699869236408
2.17685091603e-08,63.78337710787508
2.20426286979e-08,55.1059205036332
2.07884030188e-08,58.206460051909914
2.02912881213e-08,64.67257046581383
4.622741864e-08,-110.75584974009223
2.02941209892e-08,70.02525753723992
1.9384142039e-08,74.44921198524995
1.98087695539e-08,80.0867178740773
2.0806365294e-08,79.69525101400708
2.03354861363e-08,84.13331939049596
2.05728464479e-08,76.98670907671422
2.0870767132e-08,78.01835877500338
2.03603965504e-08,86.28903804297622
1.90756820069e-08,87.1851601794466
1.87785535619e-08,90.83227002373522
1.87594841143e-08,90.44076806458256
1.81885690968e-08,95.35148204987865
1.87487084942e-08,94.74930332804038
1.88875213645e-08,97.96231814589135
1.88213946362e-08,102.05983072798745
1.88732828154e-08,100.17018397413784
1.90080397099e-08,112.61636204668389
1.83162859373e-08,130.0354264843742
1.82197074725e-08,130.25344131534254
1.88743090498e-08,140.87350514208222
1.95374367624e-08,148.7950020113322
1.92332316663e-08,146.2327813944388
2.0213300434e-08,143.6903374425416
2.00792296843e-08,142.8550331172285
2.04438110822e-08,163.82246455733397
2.02574535713e-08,161.55895630128535
1.99882545264e-08,160.71099335120817
1.9873924091e-08,163.04865136589524
4.56733929912e-08,-17.55371437921002
1.95446568041e-08,162.41773547691957
1.94007260243e-08,160.88275577406148
1.94897265455e-08,157.81109113612365
1.92766309051e-08,157.81284894052547
1.95944692614e-08,156.7466672780281
1.96725977377e-08,158.68339287181493
1.91799865655e-08,162.39549914497326
1.88165066818e-08,162.99886581208807
1.9204797061e-08,166.63560950888086
1.87585302529e-08,165.72402133271717
1.92778268412e-08,160.8789927617638
1.93823242179e-08,149.69332299459083
1.92600458024e-08,145.53992708941047
1.9048044207e-08,146.8398490042138
1.90353881702e-08,133.11339904530422
1.88937634084e-08,132.90167148840513
1.89828151414e-08,128.51708973817082
1.91348855562e-08,123.35473436030284
1.91986944199e-08,113.76603702650215
1.96915625365e-08,101.7964993211333
1.95231081959e-08,97.86664831967698
1.91660553109e-08,86.8023629052204
1.8676729394e-08,81.16496238452456
1.87109499003e-08,82.54010282669859
1.84483107482e-08,87.41577403665178
1.88539374018e-08,84.79897936625781
1.88945794483e-08,86.2189385298864
1.89204776798e-08,95.84231540965916
1.98555238005e-08,96.70434146616901
1.98388948764e-08,99.70099698237001
1.98608967552e-08,109.17772507603641
1.96346119157e-08,122.70810102816921
2.00886897243e-08,137.66057066341952
2.01585610948e-08,137.3700405798224
2.00042239599e-08,146.08073332173734
2.0270046359e-08,139.7589332472427
2.0653902566e-08,136.74789608599767
2.07157779498e-08,137.5305492942395
2.04894482439e-08,138.27851364826864
2.04629485781e-08,136.05557663512573
2.07897637961e-08,142.98637321794897
2.07344455369e-08,153.29215265565642
2.13925893099e-08,162.5689357173654
2.12577608825e-08,165.7740207972765
2.03676822693e-08,171.75552970926432
4.63920139017e-08,-7.924829066397535
2.02004371175e-08,167.27596621121128
1.99380589064e-08,164.36970326204263
2.06655989547e-08,159.98042724764568
2.05208284088e-08,152.24119049407403
2.02984278664e-08,150.630493383887
2.04798212137e-08,146.18408515720392
2.08319455099e-08,138.31307637769865
2.0672875753e-08,125.58155910089604
2.08980182157e-08,130.7394306097364
2.07674820222e-08,130.55077811588137
2.08217521112e-08,127.16007805399167
2.10560346732e-08,115.41101749316076
2.12987272723e-08,84.88617128288578
2.14527744891e-08,87.01301166889965
2.17561330445e-08,84.37835486477539
2.20457421981e-08,87.94986851129732
2.21342893739e-08,94.9599684733179
1.80727169997e-08,107.65114072259587
1.77451373957e-08,112.36843436281774
1.80619518825e-08,116.3472390701138
1.83100675724e-08,110.88016926455697
1.81851701571e-08,107.53209909825873
1.80967575837e-08,112.53188941388129
1.73599347439e-08,112.03082575213489
3.91043467376e-08,-70.84876872527684
1.77329292328e-08,109.36241239646006
1.71760403073e-08,107.74248488636707
1.7194711757e-08,111.43910469103858
1.72228634023e-08,110.22595123538346
1.7383854087e-08,107.5471690723954
1.74493198703e-08,101.01524175690355
1.7255792444e-08,104.97641231532347
1.74101295256e-08,104.04115503249145
1.69699918788e-08,100.72693857891673
1.64517972631e-08,106.0985368203271
1.6693460814e-08,105.9261901082821
1.67958627477e-08,114.31893107388825
1.67635840474e-08,123.26777916147213
1.6911400199e-08,123.54848143692826
1.69733331718e-08,125.04785526675201
1.66798742288e-08,127.55374259404789
1.63646220738e-08,123.35338248194455
1.66456122847e-08,120.83306934085857
1.68852664987e-08,118.83694300024618
1.70799632245e-08,116.58690288886007
1.71268660746e-08,117.24469009793413
3.88931859948e-08,-66.10903255152249
1.6949879817e-08,116.51485526675205
1.6951543509e-08,114.50989603117179
1.73747124049e-08,109.94217392581237
1.73747124049e-08,109.9771739258124
1.7313969307e-08,109.24642375248717
1.75507019398e-08,113.62146660687503
1.75881115625e-08,116.31380945469445
1.79691079149e-08,117.6351180976607
1.83675828795e-08,119.10790364738602
1.87346795476e-08,120.62822704649736
4.12251156044e-08,-55.520794194232224
1.89059330073e-08,124.35724485597709
1.88868259727e-08,129.39201424402458
1.88619938264e-08,128.97390615313287
1.90696612001e-08,131.34604699913754
1.90990858867e-08,130.516858807185
1.89910909723e-08,123.76850121145915
1.89771330509e-08,116.42700675694968
1.8779558301e-08,114.16748763027809
1.80560843676e-08,113.26322577329793
1.79660655888e-08,113.64858700255041
1.78311230377e-08,113.11771513245466
1.75998316101e-08,107.8197795421907
1.71786235719e-08,105.4457789959234
1.6875125583e-08,101.07875748504352
1.71432521274e-08,95.77515112009522
1.70663191261e-08,95.33894864901794
1.67031670286e-08,99.17751297484955
1.67595240803e-08,100.62521070894744
1.67446450522e-08,94.35336704856621
1.66879155243e-08,96.4545526378592
4.07835248265e-08,-97.3557245569828
1.68357377125e-08,97.394687645104
1.67969577754e-08,94.54231893408667
1.67414102581e-08,94.32353921129499
1.66922986832e-08,93.96788281753979
3.62657331355e-08,-112.92891891428326
1.50353347416e-08,86.33297628341361
1.51893967916e-08,77.08893449001312
1.47857848155e-08,71.25491634314659
1.47218656247e-08,52.5791228505021
1.45798967265e-08,53.92610759554759
1.44925825557e-08,55.02415078310693
1.46574873937e-08,49.79755532963367
1.45691076171e-08,55.72876042563294
1.46693518698e-08,57.50287617025779
1.46357729876e-08,59.63107106763897
3.48256796416e-08,-133.76774401050608
1.48098453491e-08,63.777816046649605
1.48387549676e-08,63.36051606786478
1.50417232062e-08,76.64041008649286
1.48062845118e-08,89.86742549667002
1.4839252655e-08,99.41073829264323
1.48352680356e-08,104.2539018459992
1.48230738482e-08,108.22637403293456
1.48405376543e-08,108.71947364530504
1.48876101977e-08,110.10110411769966
1.47618388803e-08,113.42967711907826
1.4950964418e-08,112.94022036583644
1.47641022012e-08,113.48795207981755
1.49346376873e-08,112.8654845952992
1.50159941633e-08,119.10196016541065
1.48648944759e-08,129.95330716659117
1.4723286025e-08,143.15105964690773
1.45508819438e-08,149.47541543984906
1.45827229667e-08,156.59850896845728
1.46722351272e-08,176.9458667638083
3.48505083452e-08,-15.887139702753245
1.48375070006e-08,173.90244556907274
1.48173898581e-08,172.095306921666
1.46835287421e-08,163.47592998823967
1.44431426856e-08,148.53123789825298
1.45436360667e-08,138.91849683623667
1.47903134353e-08,135.11024478671683
1.46027277407e-08,137.81976170410258
1.4895268108e-08,138.71447960473282
1.51679690007e-08,141.63371654098862
1.51034897155e-08,141.78285196887563
1.49293590961e-08,137.07854842325418
1.48361799287e-08,135.06959543211494
1.48870105014e-08,133.9654324346234
1.40041654525e-08,132.65694832028208
1.42096853973e-08,128.2001959857066
1.42052571231e-08,125.4983189230943
1.42769880587e-08,130.5270256022708
1.42472610128e-08,134.33390775949366
1.42488283701e-08,134.4680532070312
1.42329986177e-08,135.69181552203383
1.4305957061e-08,139.65858168773516
1.45413846952e-08,138.23105321844236
1.43529082651e-08,133.83521168871926
1.42617354869e-08,134.399071067639
1.4327966515e-08,137.63423805316364
1.43049803558e-08,136.70528474992162
1.37599495652e-08,138.13166079771142
1.35280043809e-08,140.5796712279217
1.36050205893e-08,123.20018156966782
1.36297657579e-08,109.10690589220508
1.37218637376e-08,112.34630872175435
1.37968806227e-08,122.01787704213635
1.27617432683e-08,129.83943584435443
1.25957260725e-08,135.5365959255164
1.25737159882e-08,136.7254854156393
1.26324029631e-08,133.6290723053578
1.2722987824e-08,135.12490049105736
1.26790430229e-08,140.5408441615359
1.26911245696e-08,140.09355338773182
1.27354135445e-08,136.43763277015523
1.33308693635e-08,135.186383177362
1.32002755037e-08,129.84141333535652
1.32800422398e-08,114.85131964022372
1.34096968346e-08,115.60705075508781
1.32494226888e-08,119.07853578357481
1.3462541046e-08,111.77642772619484
1.35777698023e-08,114.89868660403698
1.34944290609e-08,107.59208651867576
1.33473608587e-08,93.35189335948147
1.33873735517e-08,89.417360972717
1.36548679489e-08,91.52373808776437
1.35512134455e-08,107.66186585730125
1.39179448215e-08,107.34314485371974
1.38745088664e-08,104.40895152820198
1.38530129153e-08,104.46147860817018
1.38570092666e-08,113.32048154295339
1.40499761033e-08,127.40423970032535
1.41257609055e-08,173.8396799508104
1.37787732731e-08,215.80997411866684
1.38002485879e-08,210.60635761854118
1.39170637133e-08,172.2844771898728
1.4097241498e-08,165.2003363482996
1.41996941219e-08,139.93150176796914
1.43639446354e-08,179.30734969379228
1.43126962673e-08,185.42048878371617
1.45600897209e-08,196.52032650871226
1.47248365171e-08,201.28438369345687
1.46996435699e-08,212.38730048733183
1.47311584824e-08,215.43866401591518
1.48554789336e-08,215.7417126443029
1.48194542919e-08,215.979517553364
1.48638804906e-08,208.93699663357805
1.46092498824e-08,199.02326134341078
1.48051912572e-08,194.06058118773248
3.26935459103e-08,5.270673208765174
1.47987538719e-08,185.29791321661648
1.50017752213e-08,189.30321562956587
1.50713200978e-08,178.37390694825157
1.56249537954e-08,174.00392870966516
1.48898244825e-08,174.5298408124486
1.47494577843e-08,183.5384489386852
1.4741600505e-08,185.0123454126329
1.44426803101e-08,197.64195329306628
1.46065921695e-08,192.5322341545906
1.46356374423e-08,189.458554188873
1.47848487893e-08,183.48625736608182
1.46324387503e-08,168.02109486957755
1.48175653351e-08,156.8574167701106
1.45238501655e-08,145.13390291235527
1.45154598691e-08,143.56783434425495
1.44682357043e-08,144.3135804800568
1.44128306025e-08,154.65509696223077
1.44302016932e-08,170.38642358405258
1.43987708674e-08,173.939926820193
1.44757195899e-08,167.1492526597384
1.42259016164e-08,173.3790038528126
1.40736032989e-08,184.06694465213997
4.22221655554e-08,337.0996236971998
4.2169069226e-08,335.81582222540055
9.67735318182e-08,246.80452900261486
4.30874682949e-08,327.8724423774652
4.24345878234e-08,323.7934565041213
4.15518623382e-08,318.69232736162775
4.09915935233e-08,304.8232849279924
4.1177364492e-08,293.94498619262276
4.05616826657e-08,289.47125387176993
4.10960112477e-08,277.21643650259034
4.17183344478e-08,273.066988299791
4.1978242718e-08,274.41372397100906
4.17809766606e-08,272.7639874240565
4.16424551812e-08,275.05803070603014
4.26301942738e-08,268.3016093932123
4.2058061889e-08,265.62347341691986
4.11881256702e-08,265.5199800947913
4.08608321632e-08,260.6224729777974
4.01456249159e-08,259.4447957400356
4.06627157133e-08,254.55882555481162
4.07061536888e-08,257.7538255548116
4.16227292611e-08,253.64554337887682
4.10470269724e-08,251.35297121072142
4.15725187499e-08,244.8481360585572
4.12888246604e-08,241.08663722285695
4.1755331683e-08,240.4550758292026
4.22987181143e-08,245.60172340745223
4.21625294486e-08,249.37544067964143
4.26969416124e-08,252.5928134076573
4.36404077855e-08,263.9359674800058
4.35614595146e-08,278.31994311124316
4.39097126581e-08,283.98637753644067
4.48814790545e-08,282.551055287607
4.42287634416e-08,282.44839772950513
4.38413909968e-08,285.06774528520765
4.45247692518e-08,282.79503278313956
4.42271226151e-08,283.6522076207449
4.44564618973e-08,283.24993576428506
4.56123667105e-08,284.5255127315137
4.52996148736e-08,291.710994093335
4.55015776351e-08,294.04718449447057
4.3860786098e-08,295.4949259909355
4.50299218524e-08,296.74978413985417
4.56712608701e-08,296.8617391624925
4.43882803525e-08,298.43337723701393
4.38844833046e-08,290.13441503063
4.28966496058e-08,284.3660058152417
9.35138301119e-08,202.98845519770543
4.44536239226e-08,278.540706222583
4.41530892413e-08,278.2227382293668
4.29241828019e-08,276.31956525917036
4.24200651748e-08,274.5662397326217
4.31486771256e-08,264.8300405202501
4.3704517572e-08,259.34213938585475
4.28688332218e-08,263.3305700968206
4.24853291083e-08,268.9271905951772
4.25741178646e-08,272.25746447453406
4.24379079851e-08,272.85819594764195
4.3664755965e-08,271.76131015966695
4.41308167664e-08,272.0548961454482
4.42126204828e-08,276.6016442490363
4.35720070675e-08,276.3777301328414
4.40120738879e-08,269.44698876841295
4.47422254527e-08,268.46596579183677
4.43484111272e-08,269.5036490015397
4.42026958697e-08,263.9784503394044
4.53139988831e-08,253.7086272972797
4.57101642632e-08,249.80169729387973
4.53857060904e-08,250.52386855835954
4.62696140718e-08,239.62123363364861
4.62467748972e-08,234.9518570091916
4.62476972105e-08,227.82061298921369
9.33747160391e-08,151.91465911931178
4.55470310815e-08,224.6494878224899
4.53648371114e-08,214.1508466771374
4.4346389716e-08,212.70276647811176
4.42333732146e-08,213.71906036789522
4.47837586522e-08,212.6444632307962
4.48950671093e-08,213.9680164648749
4.45682842356e-08,213.67087079897047
4.4079899096e-08,208.10748707880327
4.38925940703e-08,202.411887304549
4.4050035081e-08,194.44726459363164
4.32440009685e-08,175.80766974501063
4.25184179273e-08,178.60105575744922
4.29957007434e-08,166.2873031851251
4.34309877418e-08,166.79874811705002
4.33502721404e-08,166.11331121102268
4.339584216e-08,166.6071870656481
4.26909215833e-08,168.9293243343766
4.40146416141e-08,158.3898376511877
4.35019133923e-08,151.0576087044487
4.30870802261e-08,152.90027019271156
4.18905886796e-08,151.86486675455623
4.22253978654e-08,155.49443636962775
9.20213079111e-08,86.62073289381797
4.17028793676e-08,168.94618297007145
4.00560922032e-08,174.89311119641576
4.10140884658e-08,177.55953008694348
4.04176301245e-08,187.52991296792322
4.02455275997e-08,189.7973458699649
4.02992827375e-08,188.70442774267912
4.10489234075e-08,188.68258099389695
4.15652593564e-08,192.25283463722724
4.00115820721e-08,198.65879726145425
9.20118294821e-08,122.43849152703464
4.05059572975e-08,200.95043629992395
4.07430654562e-08,200.3740862390435
4.10549653739e-08,203.6352507437236
3.92199799413e-08,204.6779469622426
3.87300727731e-08,197.33640757242335
3.84750331042e-08,191.2175348099952
3.91619000911e-08,189.31075784877612
3.80733920453e-08,183.27600361256492
3.7028673034e-08,184.08503124646808
3.68980676967e-08,182.96665607998983
3.61221389618e-08,178.00535410516687
3.64435683829e-08,176.5870887212097
3.47900231011e-08,174.92535819251208
3.44880437451e-08,173.19901282077134
3.47939847033e-08,170.46120919322092
3.62509084765e-08,167.17285257307003
3.57714716064e-08,172.84808853920757
3.57271882397e-08,172.75477278152948
3.55723629412e-08,173.18785264539656
3.51355328376e-08,173.81390918006358
9.09168575141e-08,93.69005606588775
3.54218247629e-08,173.81942832819053
3.41842782289e-08,175.89468085020596
3.53551103746e-08,173.46251841320452
3.51870665717e-08,173.09536684621855
3.57121711041e-08,173.23764276302884
3.74913118119e-08,249.63788996552634
3.75745564024e-08,246.7681667847958
3.72037594636e-08,247.623007969103
3.67003557769e-08,246.60819069300845
3.65542683613e-08,249.31856905169712
3.65528577965e-08,253.81945560906334
3.65317800096e-08,255.2670300655017
3.71252238672e-08,267.774502504343
3.72760302214e-08,267.3093952149513
3.71037408788e-08,271.56218254023463
3.77371248036e-08,268.69291402331737
3.80957819299e-08,271.9531519098301
3.82214885875e-08,270.5307976245872
3.78441825907e-08,266.5469424783272
3.78501537075e-08,265.9159726432282
9.46195352371e-08,164.3262845706265
3.81020545346e-08,265.0561316690424
3.83475525661e-08,263.68411507901305
3.79705532196e-08,261.48638777791854
3.83572576223e-08,261.7516300173215
3.84665548543e-08,261.8137338918111
3.85994039463e-08,257.5886638701321
3.86991756986e-08,261.0175224640883
3.91032298516e-08,263.8961221187011
3.96739679037e-08,264.6834999577064
3.93982445401e-08,262.29496672549226
3.94428897581e-08,264.19988520807124
3.86351612907e-08,265.3021905786975
3.91881471444e-08,263.9506929156414
3.87489146778e-08,264.394248919191
3.91108097405e-08,263.6778948693259
3.93311783937e-08,263.4910801202964
3.93955233144e-08,262.32095046399496
3.8928846885e-08,255.4399105066912
3.88890939051e-08,256.71786369592564
3.91503411348e-08,258.37432740462845
3.9495177171e-08,261.3569262327682
3.95270428051e-08,260.51901367984453
3.9495177171e-08,261.0259262327682
3.99138622649e-08,260.51592810664806
3.9855337106e-08,260.39059198537547
9.34905765108e-08,176.583672865575
3.99747471287e-08,256.7961451615276
4.09992877866e-08,257.7769946440709
4.03391160323e-08,265.1114628411208
4.10456107133e-08,269.92565455523675
4.10601403799e-08,269.8536877787979
4.14405805106e-08,267.1471339169069
4.1852523779e-08,273.2067817453261
4.14735759652e-08,273.97176865665176
4.19846192444e-08,275.83712528855483
4.19740204491e-08,275.75413457459126
4.09411041234e-08,272.38004540699956
4.21567880903e-08,275.26727115079785
4.25709781775e-08,276.7153867492433
4.24686219986e-08,271.4213916597572
4.2130830173e-08,284.761087832229
4.18068942125e-08,281.02289282895197
4.16579508398e-08,282.21071986580307
4.23019953465e-08,284.96391051798753
4.28882825639e-08,287.0996862922291
4.22418132383e-08,288.822090527121
4.12502377262e-08,286.5916974223863
4.03827450118e-08,281.05425576767595
3.9964065441e-08,268.0010764632527
3.97369979993e-08,259.19191561324317
9.48251749798e-08,157.6733733113823
4.0345324162e-08,258.8382588615449
4.06712930982e-08,263.3261000684637
4.01438086136e-08,251.98840950732142
4.13684602514e-08,256.3839208539446
4.23653864469e-08,265.9756286775391
4.25903237709e-08,264.75798351517267
4.26065025692e-08,258.917026030962
4.21471377403e-08,258.5145828373825
4.27356362314e-08,256.3112329688426
4.28178310552e-08,262.91699499155004
4.29704069335e-08,261.12650913350416
4.25523312358e-08,258.38068902010394
4.17997128047e-08,251.75626228903917
4.21140189792e-08,249.79010029528513
4.1885463271e-08,249.68814556857222
4.22409275038e-08,248.97174290417303
4.21556096163e-08,254.95284036253074
4.24489857539e-08,255.06103387480113
4.39562072683e-08,259.6502343628942
4.44419503868e-08,261.10682202330145
4.55329396645e-08,276.65558552613686
4.5788951841e-08,304.66696481381206
4.74783642458e-08,321.5792570525758
4.67647569884e-08,338.7419062267709
4.84198552281e-08,359.3444071826018
5.06137685119e-08,412.0772941327514
5.08950457155e-08,419.8627765370296
4.91452989107e-08,418.2049753662741
5.00174155652e-08,393.0474132436102
4.94711924741e-08,375.52316121992646
5.01069761175e-08,385.9846911717424
5.06913072437e-08,382.7290684343308
5.16907348924e-08,401.9297619997285
5.13162739115e-08,420.1598866921959
5.09990225335e-08,429.808761609519
5.04569728679e-08,436.47497177869104
4.89720275235e-08,439.8226814582978
4.95960954257e-08,430.14865696452165
4.99220782113e-08,433.32434478726697
4.89361062614e-08,423.3336595186014
4.98323272797e-08,411.3411976793111
4.94123154698e-08,382.52326566994896
5.03025566601e-08,374.91653617079567
5.1695021267e-08,381.88519550600745
9.4363610118e-08,308.06330019859837
5.21372784333e-08,403.04938432191625
5.14069700422e-08,373.87419769091287
5.1978376283e-08,361.15364892498786
5.28701030026e-08,371.9411229138434
5.27767106573e-08,390.01545483936604
5.21297203624e-08,381.62023570218184
5.18010755879e-08,371.86542512096946
5.11921768251e-08,359.71503065220986
5.12011648518e-08,361.08435445174075
5.2384278917e-08,361.9259762964847
5.25757490893e-08,368.13073323506546
5.31453319635e-08,392.6141819859273
5.48156774948e-08,450.2472617081711
5.42163484735e-08,470.50214327061417
5.35199726714e-08,466.58330748765763
5.25147304597e-08,452.89057728066246
5.20387726908e-08,473.8842441953898
5.25329676315e-08,501.2666840154653
5.31906809356e-08,528.5443472162335
5.57997163428e-08,350.6212166538723
5.57206583377e-08,342.5091869817727
5.55344334561e-08,338.51597751361936
5.5096757279e-08,328.7710156925463
5.44385502979e-08,329.00044696332867
9.34009741108e-08,257.9416875431716
5.45415538838e-08,324.63006977697574
5.4850871101e-08,329.6805871752763
5.50673310229e-08,331.0816414320219
5.49944378182e-08,329.98271264782863
5.48830111091e-08,329.89112793959055
5.43474834682e-08,320.49318475556777
5.34698972862e-08,303.4221391461812
5.3285736567e-08,307.7728130600208
5.39666400276e-08,309.8026489344117
5.34501245974e-08,312.168773329434
5.38010341858e-08,317.1511129217831
5.37761198396e-08,324.3131248391261
5.32344853818e-08,331.5593772968544
5.40343604122e-08,327.75718880705597
5.44744828136e-08,330.9231945010391
9.32152705467e-08,252.22660284224517
5.46874238136e-08,328.3841182945049
5.44528972081e-08,328.17120228912495
5.42219658181e-08,320.54227042960946
5.47057153573e-08,323.48396511243834
5.39455802762e-08,321.6542799802527
5.49652870851e-08,320.2282445747077
5.53883896794e-08,320.70641423260463
5.55448480539e-08,346.1108945726068
9.24066224857e-08,270.21289219655955
5.58034204667e-08,350.0925495913707
5.57945232042e-08,356.54004579048325
5.5867474918e-08,373.33635867928433
5.57424150884e-08,375.6946263929653
5.5627016501e-08,372.23973067977954
5.50558832175e-08,364.3992551173501
5.47577070121e-08,363.8748735497055
9.2382589732e-08,279.15670140650957
5.48439633018e-08,362.29290807329573
5.53487784948e-08,358.39720981907715
5.56415440886e-08,354.0303194851322
5.58722590923e-08,354.05708556789045
5.61390699388e-08,350.9645931804931
5.62631706074e-08,346.78089014733274
5.61421693471e-08,337.54246464725054
5.62484344099e-08,335.2507211489456
5.64263862606e-08,326.08312073165973
5.63696798989e-08,304.98077323235594
5.58240218688e-08,305.4833171147286
5.59415537338e-08,307.33628918303157
5.56544602045e-08,303.2795102211883
5.50235877382e-08,301.81540254436334
5.45932495595e-08,298.3713013479105
5.47157297594e-08,295.96815605663915
5.40728062235e-08,297.7550266316057
5.34354002683e-08,291.98782133830207
5.34741323788e-08,287.7769989623896
5.35201453244e-08,293.20750953301274
5.35181158974e-08,293.5662571803165
5.32268853765e-08,292.12278904040943
9.14507662877e-08,210.71533499855445
5.32946737975e-08,291.58549123790965
5.35372486258e-08,301.7862129684996
5.36407458061e-08,304.38242700423245
5.32865243106e-08,309.29879445005616
9.35227866224e-08,259.64748975717566
5.3163862615e-08,321.73940704408625
5.24247259112e-08,329.6099987139993
5.23112424858e-08,327.80024269214425
5.24091299164e-08,326.4595393407643
5.27410573247e-08,314.7291794282635
5.28511438767e-08,311.3751049618398
5.23911037567e-08,303.71813823371156
5.26056069592e-08,300.9570938641894
5.26059460331e-08,303.67468114690877
5.29302690185e-08,308.0426264464768
5.31492764215e-08,307.1713273854105
5.25920232457e-08,305.46578407358857
5.28376130063e-08,308.32769021305904
9.34478870534e-08,231.24766155262876
5.29104860859e-08,313.4049514485459
5.2923714116e-08,310.37348866774175
5.24678025442e-08,310.1035703607613
5.13741560026e-08,305.1301838707113
5.11475063842e-08,308.089428248357
5.08051865555e-08,310.92492283912634
5.08404068072e-08,318.7483822314231
5.0888279215e-08,325.0685600668984
5.07086626349e-08,322.0499586553337
5.11160342762e-08,328.63113615646506
5.06744126712e-08,326.3869045118429
5.11038037653e-08,326.287428248357
5.10690699626e-08,330.61013963154994
5.1039767525e-08,338.3632507984755
5.10915221325e-08,333.10167810771327
5.07288432187e-08,333.1134929904484
5.04884062538e-08,326.82798001329155
5.1034237051e-08,320.51676012087484
5.08540137631e-08,317.11266280446
9.20018936164e-08,233.34087587386762
5.06884407879e-08,321.91637441082855
5.06924999825e-08,320.74189071309354
5.10036666448e-08,327.1635540807257
5.12643671187e-08,338.08358870183946
5.21733724695e-08,331.1438829849061
5.21986620258e-08,336.81083502680667
5.19164989118e-08,336.1940782349012
5.2266650097e-08,335.592365452073
5.26181147489e-08,336.8601638935721
5.24081617183e-08,344.47915347866643
5.21371119047e-08,327.46389627618896
5.15618228686e-08,327.9081315261062
5.10367290177e-08,332.5113680765039
5.02106081697e-08,326.31070917225645
5.01007509289e-08,323.57647880763966
5.05583605028e-08,324.717671436086
5.04705510824e-08,324.80592661498815
5.02026978157e-08,313.13750724765305
5.0502948887e-08,312.19954341922687
5.10026435352e-08,310.2529259352901
5.13364083932e-08,309.0862866578958
5.08767061836e-08,316.5251001259736
5.09741079763e-08,328.2085923552449
5.12070425628e-08,331.39369967642307
5.10763352026e-08,326.99893655249656
5.12500937782e-08,329.2397030122601
5.16272498661e-08,323.5592024362062
5.18794013034e-08,329.16352916813287
9.10655182899e-08,246.25401528975735
5.21485535982e-08,333.7106426599198
5.19463565648e-08,336.65375940732287
5.24964360298e-08,345.0972877728194
5.2880344002e-08,345.20438223985826
5.34229529979e-08,342.7145649225986
5.29916254556e-08,340.5216422619991
5.27480970548e-08,341.1982321108037
5.20813035937e-08,330.48591549133795
5.24607052777e-08,322.0284460713488
5.3254916667e-08,316.519882599737
5.36219258184e-08,311.0217181981031
5.32910474127e-08,305.0510395523401
5.3508660343e-08,303.8659975149622
5.35968539785e-08,313.17406549380814
5.35996763032e-08,311.76494092162494
5.37102614353e-08,305.6540730837005
5.34908948785e-08,302.71172812370156
5.36000028299e-08,297.306055969652
5.33558510195e-08,297.74095486536913
5.37946287716e-08,291.87890042974175
5.3785813424e-08,282.95747508085697
5.37806344221e-08,274.12981392019174
5.42326395119e-08,271.632314512621
5.40821837259e-08,264.4939022522627
5.2654880558e-08,251.45484330808893
5.24371433769e-08,249.78204015334333
5.22173143928e-08,221.10055389387196
5.23070232569e-08,225.83592852748524
5.22565556807e-08,232.2057689766375
5.13533051193e-08,250.67721218615802
5.11948027824e-08,259.9245054452359
5.06930903257e-08,266.7610391681603
5.08503512024e-08,265.8340132868819
5.18338254811e-08,265.4355798009283
5.10541634276e-08,261.94429719446464
5.09300537969e-08,245.8296265818409
5.12247842686e-08,242.9284336701247
5.03403133581e-08,241.67872019111053
5.01911968275e-08,255.47402892244418
5.02644305932e-08,263.6383819625855
9.19458598006e-08,187.4342824946057
4.89002049868e-08,258.26408522989357
4.91393714354e-08,258.3829528606635
4.90750873922e-08,270.3655680632928
4.89428650454e-08,279.7506822821872
4.92430661423e-08,287.15934077747215
4.91408268228e-08,291.4864278344555
4.9579306321e-08,298.0382728549898
4.97694075889e-08,309.8886839347076
4.88335810864e-08,307.7469046330841
4.83360217638e-08,291.23070270970504
4.85625315897e-08,310.8399659947257
4.80309029747e-08,306.8657824245019
4.87726788741e-08,302.75193849030376
4.9231637363e-08,282.5468541008614
4.87771083645e-08,272.79105970451053
4.8682798376e-08,270.49296599472564
4.73891671999e-08,279.70848892944423
4.67448832741e-08,337.02219895946223
4.58954007474e-08,339.13751538413646
4.53909639276e-08,360.52626972832866
4.51350350037e-08,355.6736762436199
4.56104428208e-08,325.2227291301529
4.63017951915e-08,313.9378349979776
4.60446123986e-08,314.575076874931
4.6243418169e-08,308.345227288702
4.64272891774e-08,307.5547139096092
4.60371886868e-08,308.64046189342287
9.28888644487e-08,212.97959708006263
4.41217961348e-08,311.2874059265084
4.48734773636e-08,314.2249829527361
4.48675769693e-08,310.46625175332497
4.44052613116e-08,311.24886921700124
4.53375652903e-08,299.6813573214753
4.51818527751e-08,290.1195811305802
4.55632262572e-08,287.5402884077321
4.57534080038e-08,288.113914035803
4.60373220299e-08,283.76349597867596
4.56619421025e-08,282.05425416521314
4.62728510684e-08,285.5154552376791
4.62586655388e-08,283.5202962852666
4.59907802639e-08,280.300126118339
4.52104405724e-08,289.0815368242676
4.5222389792e-08,305.4274320808913
4.55027692711e-08,301.57348779091706
4.52066665491e-08,307.42480864102663
4.50001706766e-08,306.08560116038865
4.5264516014e-08,308.3286679538397
4.37043013668e-08,305.9470367743012
4.47355839711e-08,303.6728755885878
4.42875726062e-08,304.8291234515303
4.42875726062e-08,305.00512345153027
4.48016658873e-08,304.9600168267491
4.51121105499e-08,304.38902984400863
4.51885876187e-08,295.253584076176
4.46935763414e-08,295.73021572273694
4.3631926051e-08,297.00199550645857
4.36724974941e-08,296.9706397712257
4.31612882557e-08,300.11820391155345
4.24669627747e-08,304.05244881344765
4.22435439494e-08,303.1647753910266
4.278816345e-08,307.9763477033615
4.22657113411e-08,313.53283029721854
4.20418216247e-08,313.69171746758065
4.27099111917e-08,303.27399100368865
4.29847319084e-08,302.80462537091364
4.37092589834e-08,298.9368287005358
4.31848596386e-08,300.4819215805316
4.34160586724e-08,293.0839863842818
4.33323977012e-08,289.4186340802102
9.28095236962e-08,203.21017352395862
4.25719748886e-08,291.46904053161956
4.21503455852e-08,296.39485668979125
4.14945712372e-08,295.6318401674804
4.18585214919e-08,286.85043755343287
4.21829776903e-08,283.37579672883226
4.16538135786e-08,274.5812049076669
4.1904275463e-08,273.3448808991846
4.196708672e-08,270.32021613949706
4.21836550349e-08,267.33359305443565
4.23831598714e-08,257.9850316651844
4.25476318192e-08,249.7262004491683
4.40966648138e-08,239.57507110084805
4.36991945159e-08,231.90264701669764
4.37541784408e-08,244.3539845720714
4.39919451284e-08,250.15144512134276
4.44372026586e-08,255.3443505258057
4.48308979927e-08,262.9599435685317
4.51983989653e-08,269.90294122430885
4.5295672812e-08,281.41148798296274
4.53392694351e-08,287.54474593250825
4.51501452191e-08,284.65882142841934
4.54253189702e-08,277.0386809790254
4.18629068061e-08,269.7629102508533
4.14992170179e-08,274.51814776706374
4.15865903127e-08,274.3811371040818
4.15130791393e-08,263.4417998158921
4.13389216961e-08,261.63603164186
4.09414497124e-08,261.5803276253202
4.10116221072e-08,254.8649436830762
8.63367860874e-08,170.28916212652774
4.06008246438e-08,247.52076264112452
4.10989976541e-08,237.8191842322453
4.12627581005e-08,226.8154412748276
4.13117236057e-08,231.23373029472836
4.10568923059e-08,220.33019237931674
4.18326369214e-08,217.04881340404455
4.21327892543e-08,217.77498810804127
4.45069475161e-08,217.48859698885053
4.44654014392e-08,221.05114998797382
4.43647081977e-08,230.8664544157446
4.44619453916e-08,224.9285608221448
4.43130933785e-08,222.10262638974598
4.61487278059e-08,219.3848949976483
4.53496417667e-08,230.11005839992595
4.55349669776e-08,239.70119237931678
4.49459601049e-08,247.7869069408555
4.48981182525e-08,255.05052568880288
4.58563659402e-08,251.72365184513893
4.44730709511e-08,258.4798079517014
9.56390451617e-08,161.45433031217632
4.41767171751e-08,252.95012289571258
4.45527937407e-08,254.63977230462012
4.32268171427e-08,248.683265551975
4.30348896986e-08,244.13336285751456
4.34065187768e-08,233.9140498525478
4.29143978699e-08,233.41516580928436
4.22927373081e-08,219.9389197450773
3.84241471725e-08,215.41845906160577
3.88581976959e-08,196.9125769512056
3.89712866214e-08,188.7836871748376
3.92501569982e-08,186.02419011611016
3.89515127926e-08,187.54731894720044
8.26615020604e-08,102.68274660768873
3.8610116367e-08,192.31347742537946
3.81740700584e-08,187.52091481168932
3.83100589484e-08,191.11180420572595
3.79117443557e-08,195.01118015490732
3.77438977405e-08,193.65450714504541
3.76726809163e-08,191.3308865692302
3.78299728986e-08,188.32014058346817
3.81979855305e-08,191.68925662634518
3.78574252432e-08,192.73575504977896
3.76304443596e-08,195.57896777712438
3.77593331158e-08,199.67846142857528
3.77020902185e-08,203.87337148829403
3.77024778874e-08,211.63579633932434
3.7465588507e-08,217.16473218714992
3.71183110783e-08,207.61670238206034
3.77812649311e-08,222.25717658990362
3.73774664399e-08,231.78120548502466
3.69671005247e-08,232.86503227028658
8.33703274141e-08,138.2054546862289
3.72715773819e-08,233.04238278886595
3.70984912819e-08,230.71528002657828
3.73391888092e-08,233.34103227028658
3.69893313263e-08,231.07442555454838
8.39696371138e-08,119.57231605425326
3.75183726585e-08,215.19273926178326
3.74101359709e-08,223.3103704208529
3.76317206812e-08,213.31279332800162
3.78012301307e-08,215.0417440157919
3.73923091815e-08,209.13186166347492
3.73768578908e-08,207.77584515454532
3.80823501819e-08,206.25624685846924
3.84155330103e-08,207.44785347510947
3.80676108978e-08,210.20792026613321
3.79103304341e-08,217.2082009441076
3.88062786339e-08,211.4069080402896
3.8954303277e-08,211.30187412853502
8.44689941952e-08,122.98919805035379
3.88563273635e-08,210.64488284200507
3.86503640302e-08,213.5010839353565
3.92679362938e-08,217.83034535530848
3.94895586538e-08,230.7126853055408
3.92003631981e-08,227.52825437440697
3.92665169533e-08,221.22189273333123
3.99848564326e-08,226.2044709524094
3.95932924093e-08,215.41512857327334
4.00817560458e-08,218.60874058405057
4.05863371716e-08,217.81604345969225
4.03489577448e-08,217.486938654954
3.983924761e-08,216.87624056726185
3.96105993389e-08,214.52686021154733
3.97277105521e-08,209.04280738934858
3.98109372133e-08,209.59903486280706
3.93943481962e-08,202.33876749225314
3.8980350002e-08,199.49956542691007
3.93037422122e-08,191.9239570692059
3.92225761186e-08,184.19681307699852
8.31929474546e-08,91.88519913370476
3.95520695538e-08,181.59390788829373
3.93882012152e-08,185.26224268983395
3.90948492589e-08,184.4039528285243
3.9373243888e-08,182.57561756012493
3.92134136974e-08,163.16418077548468
3.94018481695e-08,163.3784731043824
3.97545998677e-08,155.38414257896386
3.69151794435e-08,152.33179327202913
3.70282136302e-08,141.12673346920826
3.74906990602e-08,154.0620333923842
3.6700620852e-08,147.22922589634743
3.67434144233e-08,142.8768917377635
3.64915847635e-08,142.18123532591642
3.60118239341e-08,160.99168775167686
3.61324160349e-08,155.45793008929496
3.62474904005e-08,164.01427550357917
3.65984529466e-08,163.80404100850453
3.69313514377e-08,170.15737574070522
3.66897074907e-08,176.82379327202915
3.62689200082e-08,182.84539489097114
3.63155059777e-08,177.64049768480533
3.55002884697e-08,182.49432456783558
3.50747650145e-08,192.80500324000897
3.56128312439e-08,194.6967028731778
3.56669528088e-08,193.37017606665754
3.56128312439e-08,190.8717028731778
3.59096758629e-08,191.32531133098797
3.51587530454e-08,196.43937375587709
3.46253359277e-08,197.3514211566747
3.45117969748e-08,192.46899107793882
3.50770569218e-08,168.67002781540452
3.47107069962e-08,163.9514992126733
3.4865136188e-08,167.58390595515522
3.53328853957e-08,162.36668022730686
3.55585573481e-08,172.15680919799487
3.57062544513e-08,172.58960672288003
3.55614143462e-08,162.35026037188317
3.63396088369e-08,163.22854661644385
3.64738006249e-08,175.1043482011952
3.63132140952e-08,167.430802324194
3.63776269181e-08,169.26466620653636
3.62357907946e-08,165.56667476153763
3.56246617495e-08,163.940749113194
7.67966540144e-08,78.33336375807295
3.61838074172e-08,158.49631196582425
3.61929152387e-08,164.9479079944133
3.64147977927e-08,164.03694019796689
3.65154173943e-08,146.85926394548807
3.67259907753e-08,154.63977283186546
3.65681153284e-08,153.8530998259427
3.64540171937e-08,155.38598994617826
3.6718035932e-08,151.5949239665424
3.53477832513e-08,158.09382330614042
3.56424624331e-08,146.5490813512323
3.53916351201e-08,157.44405026285688
3.55622576796e-08,167.28955504835437
3.55313915168e-08,164.00261298725417
3.43226473592e-08,164.70855504835436
3.4160905204e-08,161.75300922889062
3.38827259887e-08,155.20927399208173
3.4249752748e-08,159.87033979834655
3.47668495168e-08,150.23862749021052
3.51155669412e-08,155.7519345036943
3.50173666134e-08,152.0373101205439
3.48482256589e-08,156.0570509002027
3.503675628e-08,160.12209059092123
3.49521136965e-08,158.90547318875122
3.45950230027e-08,160.19794425817435
3.464210994e-08,162.20846370351762
7.05298993031e-08,74.22499903673227
3.47882492168e-08,153.96396705571556
3.53248281813e-08,159.91757558824833
3.5538915102e-08,158.1151593654477
3.52847300742e-08,156.96074351117161
3.48619582806e-08,146.80126521249701
3.43982877752e-08,157.027072306765
3.42958757293e-08,152.25813432210478
3.45279467342e-08,143.4726635909184
3.435609841e-08,137.3380667745928
3.42312476476e-08,132.598638709663
3.40814223107e-08,136.92626511794685
3.40211221277e-08,135.31570662385127
3.41383600444e-08,141.28195165370516
3.39870808102e-08,142.7641772230449
3.39057222646e-08,143.094882966387
3.3548394204e-08,147.83190376617148
3.38933402191e-08,148.6369726044838
3.38107957059e-08,150.6094698694351
3.39337183588e-08,154.51902784985487
3.39443359844e-08,161.7412820166099
3.4240195732e-08,164.30916983658238
3.4377873964e-08,163.64704837128681
3.48483787236e-08,170.31127305272273
3.47785900952e-08,172.39733763757914
3.4818149733e-08,166.34563974067862
3.43565336352e-08,144.45836679936747
3.39440203583e-08,149.08510220473005
3.33854241662e-08,149.17359781342174
6.87022164853e-08,47.49506544592944
3.35736057028e-08,148.94985860501492
3.3877623291e-08,147.70186981757962
3.39590413894e-08,146.94840500855162
3.42079899729e-08,156.98069343490613
3.439425561e-08,151.49143846997498
3.42291142763e-08,153.36476894457223
3.41526210494e-08,146.67185109403698
3.42862161262e-08,153.9977573741019
3.47722098564e-08,156.1495737539657
3.45889836562e-08,156.1841233666953
3.46421118696e-08,158.90562643036407
3.4780694413e-08,156.25722393644048
3.47542253632e-08,150.24589268534177
3.45239376759e-08,158.60977305019077
3.47629448645e-08,151.73760613400384
3.46543572807e-08,154.3643496893311
3.49692346435e-08,154.90332086563424
3.42654214098e-08,161.39563860010014
3.42438695531e-08,162.40874795604162
3.31161133437e-08,178.4236304429311
3.31848996889e-08,175.58011696078722
3.32925125145e-08,179.20137964120127
3.332012326e-08,172.97970689818473
3.36907212633e-08,172.0226963284337
3.360863944e-08,171.13164752005446
3.36182839578e-08,173.24971255245265
3.34786004805e-08,150.4534312464973
3.36885904701e-08,148.73010230655063
3.38933569424e-08,140.2510413338839
3.43916239953e-08,139.06805615588104
3.40359686397e-08,140.98689045653913
3.39648997372e-08,141.3502315047958
3.37512489541e-08,134.41823969823872
3.38901111336e-08,136.9372610586862
3.40586262043e-08,138.00290217708022
3.41274977643e-08,138.09928025568024
3.4128674813e-08,137.9473224865465
3.42649613981e-08,131.00518055871868
3.44869983672e-08,131.21524090552006
3.44342816766e-08,132.02785120430593
6.72770781502e-08,44.91872623103262
3.39338621247e-08,135.3146499521247
3.40200133963e-08,131.9490994129522
3.40229340315e-08,132.01859668310956
3.39533744718e-08,132.67936001648252
3.37871875828e-08,135.32554380644575
3.36623253858e-08,134.39822126476867
3.3392041466e-08,129.35390541452574
3.30395378964e-08,131.29039500613464
3.26686869612e-08,131.87717356319877
3.28032752471e-08,130.99989446636692
3.28078072492e-08,132.68541584848245
3.26702912932e-08,133.70163359554658
3.2751724458e-08,134.20672909941453
3.31197803665e-08,134.21594924651066
3.32591684977e-08,167.27649178353192
3.34686336296e-08,177.8215022297556
3.32623961872e-08,183.43696917936217
3.37162636777e-08,188.7370967780725
3.37561647939e-08,194.09890541452575
3.40472272728e-08,195.35524134693947
3.39056344971e-08,196.2329695912195
3.35095087821e-08,166.57913338778235
3.36036084422e-08,166.77568421725454
3.35224447921e-08,157.78716396850115
3.35525650486e-08,152.72882119571665
3.37951598685e-08,146.10961477121907
3.39170241817e-08,149.55053043920648
3.36437238245e-08,144.91213196867378
3.46620161826e-08,143.6516627607215
6.49379452257e-08,34.497729840136685
3.53249471673e-08,140.69618806717574
3.57828505729e-08,139.42630076919855
3.59571070306e-08,143.02406858733897
3.53678078949e-08,144.17224733885328
3.56141632318e-08,148.9074849106971
3.5501788477e-08,148.48385591313968
3.54084904676e-08,149.54283214896802
3.53295735979e-08,150.95082572816634
3.54030744802e-08,150.95082572816634
3.56117389066e-08,137.75939303855247
3.55120840486e-08,142.2286327004415
3.52519564253e-08,138.49457297193192
3.53031413385e-08,137.245900752894
3.54307970281e-08,139.18812934663003
3.53022632962e-08,138.69131529520584
3.5138341131e-08,135.5749369619257
3.5403917374e-08,140.02767310448516
3.51786788452e-08,137.18625410941033
3.5767515334e-08,136.94461533770433
3.54090592412e-08,128.52446773427823
6.81612355549e-08,24.862081335137873
3.57767506731e-08,133.5043006043302
3.59390097138e-08,131.29556796874442
3.62677652412e-08,132.08004840097638
3.61402247095e-08,132.8543847753914
3.63147118389e-08,132.80248737428883
3.61425552769e-08,135.7602631013582
3.63539676813e-08,135.28308108795025
3.68318984404e-08,136.32943300821688
3.67818014658e-08,131.63829395349794
3.70484422861e-08,128.34736746565667
3.73073395197e-08,128.19494723375075
6.95927175612e-08,32.23815366557443
3.74589160007e-08,126.59971071844558
3.70715645358e-08,126.13121955964266
3.66918899117e-08,127.02326515548572
3.65503187477e-08,118.65916326750019
3.67466063683e-08,113.11113708590909
3.62873752168e-08,114.49503444337901
3.62833586829e-08,107.97358571867869
3.66456244323e-08,107.87365327663278
3.67603615338e-08,104.58687166247714
3.66566596062e-08,106.21351478149018
3.80616552089e-08,99.5640445960945
3.79685246474e-08,100.71533289582177
3.84352850349e-08,100.35852340442997
3.81503291949e-08,105.0991458556791
3.75629138271e-08,109.96006562797868
3.86221380171e-08,108.41939192909928
3.86977524745e-08,109.45983668948833
3.79917622927e-08,111.53559733185853
3.78944557339e-08,111.48815080793835
7.1630660839e-08,12.75893828280826
3.82175379973e-08,112.02127770597698
3.83876480717e-08,110.40307047864172
3.84213219651e-08,108.27251808971135
3.86652282549e-08,107.67140513961081
