1.2992052596980064,3.15399804636e-37,512.5,512.5,-0.0
1.3017953311821153,3.36705835398e-37,530.0,530.0,-0.0
1.3017953311821153,4.4938847497e-37,527.5,527.5,-0.0
1.3017953311821153,4.79548833634e-37,527.5,527.5,-0.0
1.3017953311821153,1.97810411442e-27,527.5,527.5,-0.0
1.2942437140362104,1.59344044233e-27,517.5,517.5,-0.0
1.2922224989146753,1.51911723704e-27,517.5,517.5,-0.0
1.2922224989146753,3.90580354384e-27,517.5,517.5,-0.0
1.2922224989146753,3.90583745561e-27,517.5,517.5,-0.0
1.2922224989146753,4.18620694986e-27,517.5,517.5,-0.0
1.3007066759036765,3.58689782527e-27,517.5,517.5,-0.0
1.3006201024301645,3.75461575766e-27,517.5,517.5,-0.0
1.3006201024301645,3.36578952978e-35,517.5,517.5,-0.0
1.3006201024301645,3.36578950332e-35,517.5,517.5,-0.0
1.3006201024301645,3.53587795842e-43,517.5,517.5,-0.0
1.302400602806027,6.85035218532e-42,517.5,517.5,-0.0
1.2855876967529152,7.72742006209e-42,517.5,517.5,-0.0
1.2855876967529152,1.04765367091e-41,517.5,517.5,-0.0
1.2855876967529152,1.47927226981e-41,517.5,517.5,-0.0
1.2855876967529152,1.28746018843e-41,517.5,517.5,-0.0
1.28798444304062,1.48203011018e-41,517.5,517.5,-0.0
1.2861912295200408,2.2612785844e-41,482.5,482.5,-0.0
1.2861912295200408,1.58709748066e-41,482.5,482.5,-0.0
1.2861912295200408,1.18180389482e-53,482.5,482.5,-0.0
1.2861912295200408,1.04770434064e-44,482.5,482.5,-0.0
1.2886376420319574,2.79561329991e-40,482.5,482.5,-0.0
1.2853991756570222,3.97823598423e-35,482.5,482.5,-0.0
1.2853991756570222,4.61380618328e-35,482.5,482.5,-0.0
1.2853991756570222,3.86277941653e-35,482.5,482.5,-0.0
1.2853991756570222,2.44105495224e-40,482.5,482.5,-0.0
1.285716766897441,6.43846919286e-44,482.5,482.5,-0.0
1.2857496901102532,6.91372658703e-44,482.5,482.5,-0.0
1.2857496901102532,8.89174140781e-44,482.5,482.5,-0.0
1.2857496901102532,7.16525057736e-44,482.5,482.5,-0.0
1.2857496901102532,9.21989468784e-44,482.5,482.5,-0.0
1.2705324910924494,6.8320208882e-44,482.5,482.5,-0.0
1.269075702746624,6.35513592482e-44,482.5,482.5,-0.0
1.269075702746624,5.71445913686e-44,482.5,482.5,-0.0
1.269075702746624,5.78585391006e-42,482.5,482.5,-0.0
1.269075702746624,2.95117772202e-37,482.5,482.5,-0.0
1.265367457772845,2.39583282123e-37,482.5,482.5,-0.0
1.258868664742128,5.95113953765e-41,482.5,482.5,-0.0
1.258868664742128,3.45088115698e-45,482.5,482.5,-0.0
1.258868664742128,4.70948710399e-34,482.5,482.5,-0.0
1.258868664742128,6.81099881634e-37,482.5,482.5,-0.0
1.2766393929110433,1.25857446184e-29,498.75,498.75,-0.0
1.2797813098352049,5.61657893904e-30,498.75,498.75,-0.0
1.2797813098352049,7.21822468016e-29,498.75,498.75,-0.0
1.2797813098352049,1.2833191365e-37,498.75,498.75,-0.0
1.2797813098352049,2.77358236276e-49,498.75,498.75,-0.0
1.311570567238728,1.77750315995e-33,498.75,498.75,-0.0
1.3137917108366441,1.4783821379e-29,498.75,498.75,-0.0
1.3137917108366441,1.47840969843e-29,498.75,498.75,-0.0
1.3137917108366441,3.24241492782e-36,498.75,498.75,-0.0
1.3137917108366441,1.23975518794e-31,498.75,498.75,-0.0
1.3130876660578785,1.82168841983e-24,498.75,498.75,-0.0
1.3115877012613009,6.8938275702e-32,498.75,498.75,-0.0
1.3115877012613009,5.67621427817e-32,498.75,498.75,-0.0
1.3115877012613009,1.60704141445e-52,498.75,498.75,-0.0
1.3115877012613009,6.01514126653e-51,517.5,517.5,-0.0
1.2237005906327114,1.17797906772e-45,517.5,517.5,-0.0
1.2358584483968345,4.51913845866e-58,517.5,517.5,-0.0
1.2358584483968345,2.36882000745e-48,517.5,517.5,-0.0
1.2358584483968345,3.18607624794e-40,517.5,517.5,-0.0
1.2358584483968345,8.86668573044e-33,507.5,507.5,-0.0
1.157793789572073,1.51448621082e-32,507.5,507.5,-0.0
1.159325010192972,1.69118682257e-51,507.5,507.5,-0.0
1.159325010192972,1.70423918619e-50,507.5,507.5,-0.0
1.159325010192972,2.20677521379e-43,540.0,540.0,-0.0
1.159325010192972,4.88023550287e-48,540.0,540.0,-0.0
1.2476232624896848,5.45233120476e-48,530.0,530.0,-0.0
1.2415152900176243,6.12807489038e-47,545.0,545.0,-0.0
1.2415152900176243,1.53595399866e-46,545.0,545.0,-0.0
1.2415152900176243,1.23248385365e-61,545.0,545.0,-0.0
1.2415152900176243,4.62875021971e-55,545.0,545.0,-0.0
1.2211236654947566,2.75625433655e-47,545.0,545.0,-0.0
1.221590478762075,3.59965336247e-45,545.0,545.0,-0.0
1.221590478762075,1.28768991399e-42,545.0,545.0,-0.0
1.221590478762075,2.88278017131e-50,545.0,545.0,-0.0
1.221590478762075,3.17763841054e-49,545.0,545.0,-0.0
1.2192776493519515,1.07839922012e-55,535.0,535.0,-0.0
1.2157633596220034,4.24190265554e-46,524.5,524.5,-0.0
1.2157633596220034,1.10351909751e-42,524.5,524.5,-0.0
1.2157633596220034,8.42913579773e-43,524.5,524.5,-0.0
1.2157633596220034,7.37874427748e-43,530.0,530.0,-0.0
1.2030323060442565,4.37871129691e-41,530.0,530.0,-0.0
1.2025235012729965,6.04526921982e-22,530.0,530.0,-0.0
1.2025235012729965,1.30672814974e-44,530.0,530.0,-0.0
1.2025235012729965,2.4104991024e-57,530.0,530.0,-0.0
1.2025235012729965,4.7721791121e-46,530.0,530.0,-0.0
1.183655099929268,7.29513962267e-45,530.0,530.0,-0.0
1.184358188430071,2.67680924439e-49,530.0,530.0,-0.0
1.184358188430071,1.53024292218e-56,530.0,530.0,-0.0
1.184358188430071,7.34017329039e-67,530.0,530.0,-0.0
1.184358188430071,1.24053352578e-50,530.0,530.0,-0.0
1.1960233812381456,6.36520326225e-54,537.525,537.525,-0.0
1.1911900302547915,6.40927708622e-53,537.525,537.525,-0.0
1.1911900302547915,1.63895644068e-45,537.525,537.525,-0.0
1.1911900302547915,7.14637161663e-59,537.525,537.525,-0.0
1.1911900302547915,2.09016409589e-57,526.713,526.713,-0.0
1.206968572511131,1.34362384677e-53,526.713,526.713,-0.0
1.2081946670815409,1.48580965238e-47,528.75,528.75,-0.0
1.2081946670815409,9.39795434494e-64,528.75,528.75,-0.0
1.2081946670815409,6.22962188054e-62,437.975,437.975,-0.0
1.2081946670815409,1.01575868114e-72,510.999,510.999,-0.0
1.2111453442031048,1.37028200492e-63,510.999,510.999,-0.0
1.206019532241783,2.3483108278e-58,508.4,508.4,-0.0
1.206019532241783,5.10096497836e-52,508.4,508.4,-0.0
1.206019532241783,1.3085952945e-68,508.4,508.4,-0.0
1.206019532241783,6.85737584908e-67,508.4,508.4,-0.0
1.195556888907918,6.79788569651e-67,508.4,508.4,-0.0
1.1959355297968333,2.39775925839e-64,508.4,508.4,-0.0
1.1959355297968333,2.01998029195e-53,508.4,508.4,-0.0
1.1959355297968333,1.61063081945e-46,508.4,508.4,-0.0
1.1959355297968333,4.07483459305e-59,508.4,508.4,-0.0
1.2122266904804064,3.52836750313e-72,508.4,508.4,-0.0
1.2105021586092848,8.51903493706e-83,520.412,520.412,-0.0
1.2105021586092848,5.22595508436e-63,520.412,520.412,-0.0
1.2105021586092848,1.10977944831e-73,520.412,520.412,-0.0
1.2105021586092848,3.71280432004e-40,520.412,520.412,-0.0
1.1983478567241237,6.38447147161e-64,520.412,520.412,-0.0
1.205265169243461,4.03553585206e-50,520.412,520.412,-0.0
1.205265169243461,3.98383390031e-57,482.55,482.55,-0.0
1.205265169243461,3.97654160136e-42,482.55,482.55,-0.0
1.205265169243461,4.26458749207e-36,482.55,482.55,-0.0
1.2131601925801758,3.64459585279e-39,482.55,482.55,-0.0
1.2159888567294277,2.06977929865e-42,482.55,482.55,-0.0
1.2159888567294277,1.02236300017e-68,471.376,471.376,-0.0
1.2159888567294277,3.54196854537e-56,393.775,393.775,-0.0
1.2159888567294277,3.22350725199e-39,393.775,393.775,-0.0
1.1867629963843973,3.15374321826e-48,448.775,448.775,-0.0
1.1785766177925179,1.22190946634e-46,448.775,448.775,-0.0
1.1785766177925179,1.22192740365e-46,448.775,448.775,-0.0
1.1785766177925179,1.40115747581e-41,448.775,448.775,-0.0
1.1785766177925179,2.33180533113e-48,448.775,448.775,-0.0
1.1839727711618708,1.06705409753e-49,448.775,448.775,-0.0
1.1823238133929939,2.30960439535e-43,448.775,448.775,-0.0
1.1823238133929939,1.70508865765e-42,448.775,448.775,-0.0
1.1823238133929939,1.70508865703e-42,448.775,448.775,-0.0
1.1823238133929939,2.11495569736e-36,448.775,448.775,-0.0
1.0989206515126178,6.38275452653e-42,452.221,452.221,-0.0
1.096883689809407,5.12656482551e-42,452.221,452.221,-0.0
1.096883689809407,1.47847427509e-31,452.221,452.221,-0.0
1.096883689809407,6.17626083443e-32,452.221,452.221,-0.0
1.096883689809407,2.44400606933e-32,410.0,410.0,-0.0
1.0482859839662213,5.4349480418e-23,401.663,401.663,-0.0
1.059304754381882,7.94991520705e-18,402.5,402.5,-0.0
1.059304754381882,7.94991534043e-18,402.5,402.5,-0.0
1.059304754381882,3.73182110621e-16,402.4999999999998,402.5,2.220446049250313e-13
1.059304754381882,3.76640561956e-16,388.4609999999998,388.461,2.220446049250313e-13
1.0467396743325186,3.52206340355e-16,388.4609999999998,388.461,2.220446049250313e-13
1.0473682521401833,4.71169763852e-16,388.4609999999998,388.461,2.220446049250313e-13
1.0473682521401833,5.02651741484e-26,388.461,388.461,-0.0
1.0473682521401833,6.49803240161e-25,383.313,383.313,-0.0
1.0473682521401833,1.38698555912e-22,383.313,383.313,-0.0
1.0320392173285595,2.30759795291e-29,383.313,383.313,-0.0
1.03075718710627,1.73251804074e-30,383.313,383.313,-0.0
1.03075718710627,1.87095343076e-21,383.313,383.313,-0.0
1.03075718710627,5.59319273462e-25,383.313,383.313,-0.0
1.03075718710627,5.41540680685e-22,386.067,386.067,-0.0
1.0391412406079321,2.30434988703e-24,386.067,386.067,-0.0
1.0460577957006565,3.45353056061e-24,386.067,386.067,-0.0
1.0460577957006565,3.35873285566e-23,386.067,386.067,-0.0
1.0460577957006565,6.35044138191e-22,386.067,386.067,-0.0
1.0460577957006565,4.85652330169e-30,386.067,386.067,-0.0
1.0404989175238986,2.46293905574e-28,386.067,386.067,-0.0
1.0420129022534024,1.46484250538e-22,386.067,386.067,-0.0
1.0420129022534024,2.87498987808e-19,386.067,386.067,-0.0
1.0420129022534024,3.02740737913e-19,386.067,386.067,-0.0
1.0420129022534024,3.53312993662e-19,386.067,386.067,-0.0
1.033885723899249,3.69351813531e-19,386.067,386.067,-0.0
1.0289579010782028,4.51599747238e-18,386.067,386.067,-0.0
1.0289579010782028,4.51599762647e-18,386.067,386.067,-0.0
1.0289579010782028,4.9443248776e-22,386.067,386.067,-0.0
1.0289579010782028,7.20752427251e-24,386.067,386.067,-0.0
0.9661805342868208,2.15422667053e-21,386.067,386.067,-0.0
0.9664936266477003,1.10128324831e-20,386.067,386.067,-0.0
0.9664936266477003,8.5437718392e-20,386.067,386.067,-0.0
0.9664936266477003,3.01537366031e-19,386.067,386.067,-0.0
0.9664936266477003,9.16893501467e-19,386.067,386.067,-0.0
0.9528042148760718,1.68809324317e-18,386.067,386.067,-0.0
0.9453589055705189,1.33060981374e-18,386.067,386.067,-0.0
0.9453589055705189,1.37911320651e-18,386.067,386.067,-0.0
0.9453589055705189,4.76805474151e-17,386.0669999999998,386.067,2.220446049250313e-13
0.9453589055705189,5.32819531322e-20,386.067,386.067,-0.0
0.9448617817173117,5.74396321439e-17,386.067,386.067,-0.0
0.9429736786088041,1.94325055078e-19,386.067,386.067,-0.0
0.9429736786088041,5.06322113782e-18,386.067,386.067,-0.0
0.9429736786088041,6.69778113868e-18,386.067,386.067,-0.0
0.9429736786088041,2.31877911945e-15,386.0669999999991,386.067,8.881784197001255e-13
0.9498216128010224,6.24079883591e-15,386.06699999999756,386.067,2.442490654175346e-12
0.9537298047093397,4.14912144561e-13,386.0669999998115,386.067,1.885158695813605e-10
0.9537298047093397,1.99483379378e-16,386.067,386.067,-0.0
0.9537298047093397,9.98855554339e-18,386.067,386.067,-0.0
0.9537298047093397,1.50209357609e-14,386.0669999999938,386.067,6.217248937900886e-12
0.9530221011947214,4.62918803847e-14,386.06699999998045,386.067,1.9539925233402852e-11
0.9554449815104871,1.90213589423e-23,386.067,386.067,-0.0
0.9554449815104871,5.10251217063e-21,386.067,386.067,-0.0
0.9554449815104871,2.41804816598e-26,386.067,386.067,-0.0
0.9554449815104871,7.19598707719e-26,386.067,386.067,-0.0
0.954879083276831,7.53410239279e-24,386.067,386.067,-0.0
0.9548061740021566,1.76347868739e-26,386.067,386.067,-0.0
0.9548061740021566,1.86127311877e-22,386.067,386.067,-0.0
0.9548061740021566,2.68571043844e-23,386.067,386.067,-0.0
0.9548061740021566,4.02074244827e-22,386.067,386.067,-0.0
0.9832344726160691,2.33315050349e-24,386.067,386.067,-0.0
0.9867549562208171,2.34150420544e-24,386.067,386.067,-0.0
0.9867549562208171,3.7346641288e-20,386.067,386.067,-0.0
0.9867549562208171,2.77645460208e-20,386.067,386.067,-0.0
0.9867549562208171,2.65052829002e-20,386.067,386.067,-0.0
0.9938590364663915,2.56117531568e-29,386.067,386.067,-0.0
0.9987572806578754,1.98789174765e-35,386.067,386.067,-0.0
0.9987572806578754,3.44879237214e-35,386.067,386.067,-0.0
0.9987572806578754,4.25720903324e-29,386.067,386.067,-0.0
0.9987572806578754,4.1116965925e-26,386.067,386.067,-0.0
0.9636734164432761,4.20541094052e-26,386.067,386.067,-0.0
0.9522118532682956,3.97750174908e-26,386.067,386.067,-0.0
0.9522118532682956,5.4915980066e-47,386.067,386.067,-0.0
0.9522118532682956,7.48831801506e-42,386.067,386.067,-0.0
0.9522118532682956,2.19195810564e-50,386.067,386.067,-0.0
0.9489330927264199,3.34540554641e-50,386.067,386.067,-0.0
0.9463770251741217,4.50725185312e-33,386.067,386.067,-0.0
0.9463770251741217,6.333814405e-29,386.067,386.067,-0.0
0.9463770251741217,3.2236102393e-29,386.067,386.067,-0.0
0.9463770251741217,2.91231927053e-29,386.067,386.067,-0.0
0.9391992757203861,2.7481024357e-29,386.067,386.067,-0.0
0.9396133755843339,4.6856122181e-31,386.067,386.067,-0.0
0.9396133755843339,6.55874638091e-27,386.067,386.067,-0.0
0.9396133755843339,5.79854070264e-27,386.067,386.067,-0.0
0.9396133755843339,4.98093202234e-27,386.067,386.067,-0.0
0.9262060873548237,5.71574850407e-27,386.067,386.067,-0.0
0.9259663506883282,4.90858854035e-27,386.067,386.067,-0.0
0.9259663506883282,6.07628175141e-27,386.067,386.067,-0.0
0.9259663506883282,6.77165611512e-27,386.067,386.067,-0.0
0.9259663506883282,6.26661812999e-27,386.067,386.067,-0.0
0.9262715191479962,6.07828343258e-27,386.067,386.067,-0.0
0.9248405544444375,4.20899386137e-37,386.067,386.067,-0.0
0.9248405544444375,5.47335538128e-35,386.067,386.067,-0.0
0.9248405544444375,2.71201899866e-30,386.067,386.067,-0.0
0.9248405544444375,7.59073081172e-30,386.067,386.067,-0.0
0.9322096597232867,1.46438738413e-27,386.067,386.067,-0.0
0.9314495178121225,2.11576608343e-34,386.067,386.067,-0.0
0.9314495178121225,2.11573425839e-34,386.067,386.067,-0.0
0.9314495178121225,1.26338505115e-29,386.067,386.067,-0.0
0.9314495178121225,5.80865411229e-29,386.067,386.067,-0.0
0.9010738917635945,2.56183730038e-28,386.067,386.067,-0.0
0.897149861582602,4.97871827191e-29,386.067,386.067,-0.0
0.897149861582602,1.00619118401e-24,386.067,386.067,-0.0
0.897149861582602,3.72521113225e-41,386.067,386.067,-0.0
0.897149861582602,1.30938647942e-38,386.067,386.067,-0.0
0.861943315147843,4.09795621677e-37,386.067,386.067,-0.0
0.8513889636281907,7.74359278135e-28,386.067,386.067,-0.0
0.8513889636281907,8.65810861759e-25,386.067,386.067,-0.0
0.8513889636281907,2.81609742294e-21,386.067,386.067,-0.0
0.8513889636281907,2.52400880083e-26,386.067,386.067,-0.0
0.866419823908351,3.03310099822e-26,386.067,386.067,-0.0
0.8518106190871642,3.12174043383e-26,386.067,386.067,-0.0
0.8518106190871642,3.21891892511e-26,386.067,386.067,-0.0
0.8518106190871642,3.26874965148e-26,386.067,386.067,-0.0
0.8518106190871642,3.1699210004e-26,386.067,386.067,-0.0
0.8500750585792117,2.93091890391e-26,386.067,386.067,-0.0
0.8480345883193664,3.46548967571e-27,386.067,386.067,-0.0
0.8480345883193664,3.1318614829e-22,386.067,386.067,-0.0
0.8480345883193664,4.0300855617e-25,386.067,386.067,-0.0
0.8480345883193664,2.33673296793e-21,386.067,386.067,-0.0
0.8485709444999484,4.87500583162e-36,386.067,386.067,-0.0
0.8479500917640371,1.7050232843e-43,386.067,386.067,-0.0
0.8479500917640371,8.00823208681e-41,386.067,386.067,-0.0
0.8479500917640371,6.33286310846e-37,386.067,386.067,-0.0
0.8479500917640371,6.33286341103e-37,386.067,386.067,-0.0
0.8761765718786976,2.67754689079e-35,386.067,386.067,-0.0
0.8722131014210568,8.27180541903e-36,386.067,386.067,-0.0
0.8722131014210568,8.57681239981e-30,386.067,386.067,-0.0
0.8722131014210568,1.05269384218e-29,386.067,386.067,-0.0
0.8722131014210568,7.94224802457e-19,386.067,386.067,-0.0
0.8702642948652126,8.26366470735e-19,386.067,386.067,-0.0
0.8636603472176757,2.36702461415e-23,386.067,386.067,-0.0
0.8636603472176757,2.74587271609e-23,386.067,386.067,-0.0
0.8636603472176757,2.63627821745e-23,386.067,386.067,-0.0
0.8636603472176757,2.82174420662e-23,386.067,386.067,-0.0
0.8673833821913366,3.29713198833e-23,386.067,386.067,-0.0
0.8747799817067491,3.56516176434e-23,386.067,386.067,-0.0
0.8747799817067491,9.48700668945e-28,386.067,386.067,-0.0
0.8747799817067491,5.72159714219e-28,386.067,386.067,-0.0
0.8747799817067491,1.3301481618e-24,386.067,386.067,-0.0
0.8790465723778144,8.66425005914e-25,386.067,386.067,-0.0
0.9111883728662766,6.20948381351e-23,386.067,386.067,-0.0
0.9111883728662766,1.1757537574e-25,386.067,386.067,-0.0
0.9111883728662766,3.463409034e-28,386.067,386.067,-0.0
0.9111883728662766,1.19798738002e-27,386.067,386.067,-0.0
0.9335729243113604,2.77714432769e-26,386.067,386.067,-0.0
0.9307075556834715,1.71116665997e-29,386.067,386.067,-0.0
0.9307075556834715,2.37577296254e-24,386.067,386.067,-0.0
0.9307075556834715,1.2504401852e-24,386.067,386.067,-0.0
0.9307075556834715,3.41291666492e-29,386.067,386.067,-0.0
0.9305531457653416,9.47453826145e-23,386.067,386.067,-0.0
0.9206509938014642,3.28987974406e-22,386.067,386.067,-0.0
0.9206509938014642,3.4550043825e-26,386.067,386.067,-0.0
0.9206509938014642,5.38166855405e-29,386.067,386.067,-0.0
0.9206509938014642,1.77783195882e-26,386.067,386.067,-0.0
0.9235406110390122,4.94953470794e-22,386.067,386.067,-0.0
0.9278575650825498,9.04648727316e-33,386.067,386.067,-0.0
0.9278575650825498,9.19035339241e-30,386.067,386.067,-0.0
0.9278575650825498,4.39520008584e-35,386.067,386.067,-0.0
0.9278575650825498,7.03848886263e-34,386.067,386.067,-0.0
0.9410774058847496,8.97328894918e-41,386.067,386.067,-0.0
0.9466686502556615,1.13281986735e-29,386.067,386.067,-0.0
0.9466686502556615,1.26135076005e-30,386.067,386.067,-0.0
0.9466686502556615,1.79517104719e-28,386.067,386.067,-0.0
0.9466686502556615,6.02307633504e-28,386.067,386.067,-0.0
0.9993681692677034,7.60115970747e-24,386.067,386.067,-0.0
0.9997064871442006,8.55664707008e-27,599.761,599.761,-0.0
0.9997064871442006,8.55665539355e-27,599.761,599.761,-0.0
0.9997064871442006,1.70145810663e-27,601.164,601.164,-0.0
0.9997064871442006,2.40220847113e-27,599.555,599.555,-0.0
1.0098530452389627,8.58183678648e-30,600.339,600.339,-0.0
1.00936719405161,5.17162276726e-28,600.339,600.339,-0.0
1.00936719405161,1.59466695315e-30,600.339,600.339,-0.0
1.00936719405161,4.31875274205e-43,611.7,611.7,-0.0
1.00936719405161,2.8122500524e-36,611.7,611.7,-0.0
0.9345159137927479,2.03609334282e-37,601.989,601.989,-0.0
0.9279068296819125,4.83690131131e-44,602.5,602.5,-0.0
0.9279068296819125,1.76355520366e-45,602.5,602.5,-0.0
0.9279068296819125,2.5461058942e-55,580.0,580.0,-0.0
0.9279068296819125,3.71753463596e-49,540.711,540.711,-0.0
0.9392742485266188,4.01819845459e-43,528.35,528.35,-0.0
0.9254525761276535,2.87828379096e-39,512.418,512.418,-0.0
0.9254525761276535,1.79377546821e-43,512.418,512.418,-0.0
0.9254525761276535,1.6717822393e-37,510.0,510.0,-0.0
0.9254525761276535,7.08211269893e-41,517.286,517.286,-0.0
0.8842686326524953,3.95315621464e-43,524.843,524.843,-0.0
0.8860962531981533,3.44025804165e-43,530.775,530.775,-0.0
0.8860962531981533,7.51878351879e-34,530.775,530.775,-0.0
0.8860962531981533,1.39987650166e-35,538.861,538.861,-0.0
0.8860962531981533,1.04948400201e-27,538.861,538.861,-0.0
0.8866865994269882,2.13579650244e-32,533.35,533.35,-0.0
0.8790792331044905,4.69588314121e-36,527.789,527.789,-0.0
0.8790792331044905,2.95021571713e-32,527.789,527.789,-0.0
0.8790792331044905,2.55312194961e-25,525.05,525.05,-0.0
0.8790792331044905,5.13456983132e-26,516.469,516.469,-0.0
0.9623866440097758,2.59963354285e-25,516.469,516.469,-0.0
0.962044908827951,1.42330303359e-24,516.469,516.469,-0.0
0.962044908827951,3.66096371623e-19,516.469,516.469,-0.0
0.962044908827951,5.49477951218e-16,514.7359999999998,514.736,2.220446049250313e-13
0.962044908827951,6.31329074375e-16,521.6499999999997,521.65,2.220446049250313e-13
0.9632467439032265,6.59411420604e-16,541.2699999999998,541.27,2.220446049250313e-13
0.9832114184471972,6.63639759336e-16,547.9699999999998,547.97,2.220446049250313e-13
0.9832114184471972,6.54354273821e-16,547.9699999999998,547.97,2.220446049250313e-13
0.9832114184471972,9.48427053711e-24,581.436,581.436,-0.0
0.9832114184471972,1.98418511786e-23,587.739,587.739,-0.0
0.9842301399765563,5.75745492924e-23,587.739,587.739,-0.0
0.973941841190243,9.89382310097e-21,587.739,587.739,-0.0
0.973941841190243,1.06685121658e-20,587.739,587.739,-0.0
0.973941841190243,1.21938065536e-20,604.257,604.257,-0.0
0.973941841190243,1.10812028512e-20,611.914,611.914,-0.0
0.9778922104256889,1.32279991635e-20,617.854,617.854,-0.0
0.9820745677607748,1.25348750076e-20,617.854,617.854,-0.0
0.9820745677607748,1.30292192149e-20,617.854,617.854,-0.0
0.9820745677607748,1.2295628792e-20,654.9,654.9,-0.0
0.9820745677607748,1.82405166041e-20,681.336,681.336,-0.0
0.9901064818242463,1.5669536708e-20,697.425,697.425,-0.0
0.9881454833631583,1.59518166258e-20,704.125,704.125,-0.0
0.9881454833631583,1.33666992235e-20,704.125,704.125,-0.0
0.9881454833631583,1.28583617336e-20,701.65,701.65,-0.0
0.9881454833631583,1.41720918477e-20,697.261,697.261,-0.0
0.9892810372109655,1.9929409352e-20,698.325,698.325,-0.0
0.9883845148119763,2.07431937548e-20,701.675,701.675,-0.0
0.9883845148119763,2.44844698644e-20,701.675,701.675,-0.0
0.9883845148119763,2.60785103057e-20,701.675,701.675,-0.0
0.9883845148119763,2.5003316234e-20,701.675,701.675,-0.0
0.9782171379265454,2.47461094691e-20,701.675,701.675,-0.0
0.982621793959153,2.64802327591e-20,701.675,701.675,-0.0
0.982621793959153,2.10502595421e-20,701.675,701.675,-0.0
0.982621793959153,5.43307962707e-08,701.6749608680028,701.675,3.913199713692203e-05
0.982621793959153,7.77566012072e-08,701.6749427907771,701.675,5.7209222844568056e-05
0.9754398586112153,1.1367008637e-07,752.7389137842586,752.739,8.621574151690124e-05
0.990104275141199,2.6191969644e-08,756.674981979082,756.675,1.802091795025438e-05
0.990104275141199,8.21087974135e-13,756.6749999996405,756.675,3.59490215373658e-10
0.990104275141199,3.30092977633e-11,764.8999999834341,764.9,1.6565859795105495e-08
0.990104275141199,3.48308551528e-11,772.7139999824998,772.714,1.7500223492637985e-08
0.9616783920288213,2.9461380214e-11,772.7139999848056,772.714,1.519451231507761e-08
0.9760020460060272,1.0482991591e-16,772.714,772.714,-0.0
0.9760020460060272,2.87373770016e-16,772.714,772.714,-0.0
0.9760020460060272,2.29305618746e-11,753.6389999883686,753.639,1.1631362539821738e-08
0.9760020460060272,1.13641761884e-11,753.6389999944058,753.639,5.594191776489062e-09
0.9619664023417335,7.0381878254e-15,749.9429999999974,749.943,2.664535259100378e-12
0.958280855931903,8.020315215e-14,757.1039999999663,757.104,3.375077994860504e-11
0.958280855931903,3.78636301308e-13,757.1039999998324,757.104,1.6764367671840567e-10
0.958280855931903,7.52903179093e-10,764.9999995495332,765.0,4.504667750434495e-07
0.958280855931903,5.32339888323e-09,764.999996493421,765.0,3.5065790302200413e-06
0.9668761899050325,1.38872721878e-09,764.9999991752945,765.0,8.247054152401054e-07
0.9327566014925082,1.38901532738e-11,764.999999992947,765.0,7.05302483085113e-09
0.9327566014925082,3.71597540054e-09,764.9999975858481,765.0,2.414151990884215e-06
0.9327566014925082,3.71597540605e-09,764.9999975858481,765.0,2.414151990884215e-06
0.9327566014925082,1.0977855914e-10,764.9999999393667,765.0,6.063327617858756e-08
0.8947818089637659,2.13023736367e-09,893.0859985969532,893.086,1.403046790352831e-06
0.899361606864609,7.53661841983e-09,893.0859947433748,893.086,5.256625142082913e-06
0.899361606864609,1.02153054345e-08,893.0859927636376,893.086,7.236362411279825e-06
0.899361606864609,9.0037926914e-09,893.0859936450381,893.086,6.354961900150186e-06
0.899361606864609,3.0381158143e-09,893.0859979774424,893.086,2.0225576779177606e-06
0.8884719216596778,3.12547724623e-06,893.0828032014131,893.086,0.003196798586991144
1.01499471571935,2.15548647845e-05,1065.3556300394125,1065.378,0.02236996058752165
1.01499471571935,1.36838599913e-05,1065.364384976559,1065.378,0.013615023440952074
1.01499471571935,0.0003206259532,1099.3908645972751,1099.834,0.44313540272501545
1.01499471571935,0.000933058724272,1161.2564464675677,1162.744,1.4875535324322404
1.038874361940862,5.94939870533e-05,1196.177518338936,1196.244,0.06648166106403186
1.0333569771783169,8.04969947207e-05,1196.1505473940783,1196.244,0.09345260592160332
1.0333569771783169,2.52061736566e-05,1196.2179483389652,1196.244,0.02605166103477876
1.0333569771783169,3.91276994903e-05,1325.6519013984168,1325.694,0.04209860158314803
1.0333569771783169,0.000146916683838,1356.9081190423708,1357.089,0.1808809576290307
1.0155835894584586,0.000209551566735,1457.3151593359723,1457.589,0.273840664027588
1.0312187047454515,1.39266516434e-05,1515.9963878833853,1516.01,0.013612116614592778
1.0312187047454515,1.39266461328e-05,1515.9963878870824,1516.01,0.013612112917524942
1.0312187047454515,5.63281240682e-06,1528.0499009969021,1528.055,0.005099003098015635
1.0312187047454515,1.55121887824e-06,1528.0537216203213,1528.055,0.0012783796787833508
1.0296407804859216,3.0404796625e-06,1509.2283435782058,1509.231,0.0026564217940884456
1.032896361484992,1.12649150923e-05,1509.220129926952,1509.231,0.010870073047983752
1.032896361484992,4.70023244065e-06,1509.2267566576036,1509.231,0.004243342396323596
1.032896361484992,2.14326292549e-06,1477.4501715206582,1477.452,0.0018284793417725122
1.032896361484992,1.49318021111e-07,1442.5088933270426,1442.509,0.00010667295731442421
1.0408885432448274,2.3014164548e-08,1457.3759852916132,1457.376,1.4708386784872609e-05
1.280701518919764,2.2364752038e-07,1468.7498679576631,1468.75,0.00013204233676017765
1.280701518919764,1.55178056321e-06,1440.6779602214174,1440.679,0.0010397785826243072
1.280701518919764,1.62608732601e-07,1443.2439064591108,1443.244,9.354088922364426e-05
1.280701518919764,1.81676496937e-07,1443.0958957898297,1443.096,0.00010421017032125105
1.2853957017657678,1.08457104965e-07,1166.7799397269293,1166.78,6.0273070554610084e-05
1.3633738480002218,1.53376380436e-08,1537.0049928419012,1537.005,7.158099015234075e-06
1.3633738480002218,2.41599285791e-07,1537.0048678228159,1537.005,0.00013217718423561136
1.3633738480002218,1.17019348252e-08,1593.1859946086674,1593.186,5.391332498822162e-06
1.3633738480002218,5.23124770648e-09,1643.401997687349,1643.402,2.312651183005546e-06
1.3665529693563796,3.92653563381e-09,1643.4019982997283,1643.402,1.700271701933185e-06
1.3562929621048732,7.46194790181e-09,1643.4019966391281,1643.402,3.3608720279504474e-06
1.3562929621048732,7.46194815676e-09,1643.4019966391281,1643.402,3.3608718059058424e-06
1.3562929621048732,1.58507719014e-08,1623.5039925742678,1623.504,7.4257320430612525e-06
1.3562929621048732,6.98716936151e-10,1594.4489997186258,1594.449,2.813742572469778e-07
1.3545974611840843,1.18856361257e-11,1571.0969999959598,1571.097,4.040101586615026e-09
1.3547262538110203,1.54505711025e-07,1571.0969173083017,1571.097,8.269169831072398e-05
1.3547262538110203,1.45297398928e-07,1571.0969225265862,1571.097,7.747341385262393e-05
1.3547262538110203,2.92007601066e-07,1560.4168366584606,1560.417,0.00016334153919206893
1.3547262538110203,2.39701679143e-08,1560.4169884415785,1560.417,1.1558421364558529e-05
1.357363590684424,5.28941154997e-07,1410.8086932421313,1410.809,0.00030675786865055676
1.3460246070892148,5.09945373343e-09,1410.8089977199056,1410.809,2.2800943368602418e-06
1.3460246070892148,6.32994511366e-08,1410.8089676021625,1410.809,3.2397837564205764e-05
1.3460246070892148,6.31989269192e-07,1473.194626781222,1473.195,0.0003732187778447146
1.3460246070892148,6.96267276274e-07,1474.9885843927798,1474.989,0.00041560722030008684
1.3492915334272932,8.01838972549e-08,1474.9889585688948,1474.989,4.143110519830812e-05
1.3593636094511934,9.80664722011e-07,1474.988412391964,1474.989,0.0005876080361742562
1.3593636094511934,1.30247124806e-06,1474.9882042037027,1474.989,0.0007957962973088649
1.3593636094511934,2.00047815298e-06,1537.5587395943012,1537.56,0.0012604056988395791
1.3593636094511934,4.5660429937e-07,1554.309739947928,1554.31,0.0002600520719078947
1.32022331000887,2.25711236357e-08,1562.0659889056926,1562.066,1.109430750347415e-05
1.3210371755001522,1.66440345546e-06,1578.814933909587,1578.816,0.0010660904132020312
1.3210371755001522,3.11121307394e-07,1578.8158226574815,1578.816,0.00017734251853917336
1.3210371755001522,6.76473183492e-07,1578.8155928928677,1578.816,0.00040710713236133487
1.3210371755001522,9.90103443712e-07,1578.8153879117938,1578.816,0.0006120882063022254
1.289213833141721,1.66542343446e-07,1578.8159058085419,1578.816,9.419145818623654e-05
1.2854216730186079,1.66052473368e-07,1578.815905808539,1578.816,9.419146107281653e-05
1.2854216730186079,9.48053595369e-08,1578.8159478486957,1578.816,5.2151304399878e-05
1.2854216730186079,4.14914338219e-08,1500.6019781528594,1500.602,2.184714066042243e-05
1.2854216730186079,6.18597591334e-08,1500.6019665170288,1500.602,3.34829713427036e-05
1.262354863053619,6.35260096964e-08,1500.6019650915082,1500.602,3.490849195753593e-05
1.2341821993268052,1.37618229001e-07,1408.0379186200983,1408.038,8.137990180767311e-05
1.2341821993268052,2.19467990366e-07,1408.0378663277147,1408.038,0.0001336722852669268
1.2341821993268052,2.49965488424e-07,1377.3568481625914,1377.357,0.00015183740863670576
1.2341821993268052,8.30369758986e-08,1377.3569527833029,1377.357,4.7216697109964084e-05
1.2616664768889407,5.46090425595e-07,1377.3566594716594,1377.357,0.000340528340538624
1.2476913675919423,2.57961979319e-07,1377.3568445691487,1377.357,0.00015543085112320235
1.2476913675919423,7.60730318806e-09,1377.3569962526835,1377.357,3.7473164606472578e-06
1.2476913675919423,2.15392988155e-07,1272.8998721999567,1272.9,0.00012780004330118614
1.2476913675919423,3.9371622249e-07,1272.899757799486,1272.9,0.0002422005140992916
1.238652360018133,4.07802855156e-08,1240.3649780523592,1240.365,2.1947640714247105e-05
1.2868806449226862,1.94965001536e-08,1240.9329903445962,1240.933,9.655403833122927e-06
1.2868806449226862,4.82902802633e-07,1240.9327125395398,1240.933,0.00028746046011042547
1.2868806449226862,1.14671682576e-08,1240.9329944963172,1240.933,5.5036828503727485e-06
1.2868806449226862,2.12093630906e-09,1240.932999063201,1240.933,9.367990829707476e-07
1.2786095996172921,4.45705671634e-10,1240.9329998155417,1240.933,1.8445822647945775e-07
1.2463553576885407,7.06850147386e-09,1240.932996568983,1240.933,3.431017028988394e-06
1.2463553576885407,6.03458160186e-11,1240.9329999764657,1240.933,2.353428563153761e-08
1.2463553576885407,4.3302236496e-11,1231.6129999832995,1231.613,1.6700640870296108e-08
1.2463553576885407,1.33931176013e-10,1231.612999945789,1231.613,5.4211080070156484e-08
1.2522194148855732,8.29074773047e-11,1231.6129999672914,1231.613,3.270872461795905e-08
1.253576491199106,1.83494135742e-12,1231.6129999993761,1231.613,6.239453398394353e-10
1.253576491199106,2.38086590388e-11,1231.6129999910702,1231.613,8.92996787628992e-09
1.253576491199106,3.37298052081e-11,1231.6129999871798,1231.613,1.2820189354597622e-08
1.253576491199106,1.11808892907e-13,1135.8609999999655,1135.861,3.463895836830519e-11
1.2530004253185045,6.54350654498e-11,1135.860999974438,1135.861,2.5561996963737887e-08
1.2461443255755271,4.7595595756e-12,1135.860999998319,1135.861,1.6810997038881187e-09
1.2461443255755271,1.15546666092e-11,1135.8609999957605,1135.861,4.239497641838116e-09
1.2461443255755271,1.66590759781e-11,1135.860999993799,1135.861,6.201261726355889e-09
1.2461443255755271,2.89375486389e-11,1135.8609999890236,1135.861,1.097655299989412e-08
1.2392819822534262,1.01009343408e-12,1135.8609999996606,1135.861,3.395062009304017e-10
1.2467149906231527,6.64668723595e-12,1135.8609999976338,1135.861,2.3663293546874587e-09
1.2467149906231527,2.41488901558e-12,1135.8609999991731,1135.861,8.268941087409876e-10
1.2467149906231527,2.05105753489e-13,1120.7759999999355,1120.776,6.461498003318516e-11
1.2467149906231527,4.69220270519e-11,1120.7759999819332,1120.776,1.80668813244117e-08
1.2380095449082584,5.5387737253e-13,1128.7349999998182,1128.735,1.8163248682868388e-10
1.2374854857289965,3.60875245054e-14,1128.734999999989,1128.735,1.0880185641326565e-11
1.2374854857289965,1.90709948905e-13,1128.7349999999394,1128.735,6.039613253960943e-11
1.2374854857289965,8.46816755225e-15,1123.6099999999974,1123.61,2.442490654175346e-12
1.2374854857289965,5.53644840456e-12,1126.959999998032,1126.96,1.968203378056446e-09
1.2502888875762508,1.68954672814e-08,1126.9599915829344,1126.96,8.417065506753168e-06
1.2964097991288623,6.16133871815e-14,1126.9599999999823,1126.96,1.7763568394002582e-11
1.2964097991288623,6.16133875701e-14,1126.9599999999823,1126.96,1.7763568394002582e-11
1.2964097991288623,1.31908032089e-11,1126.9599999953982,1126.96,4.601874437076568e-09
1.2964097991288623,2.35465696629e-11,1126.9599999916093,1126.96,8.39084357552961e-09
1.3052890104458013,4.28466644481e-11,1126.9599999844838,1126.96,1.5516254947616452e-08
1.3164597970878644,5.9670327296e-11,1126.9599999782063,1126.96,2.1793677973510563e-08
1.3164597970878644,3.50992853823e-11,1126.9599999874665,1126.96,1.2533529769637588e-08
1.3164597970878644,6.24693003286e-11,1205.5609999771648,1205.561,2.283506717062058e-08
1.3164597970878644,1.21274832953e-10,1205.5609999544747,1205.561,4.5525139214482533e-08
1.3172331268106057,1.62222105953e-11,1205.5609999943654,1205.561,5.634603894585532e-09
1.3066901257723142,3.65484810283e-10,1205.560999854814,1205.561,1.4518586333694578e-07
1.3066901257723142,2.18894939135e-11,1205.5609999922885,1205.561,7.711387084456278e-09
1.3066901257723142,2.65671576705e-08,1276.5289869893948,1276.529,1.3010605302141191e-05
1.3066901257723142,2.18902007771e-05,1276.511977480857,1276.529,0.017022519142876266
1.3033559878439338,3.53900663449e-07,1276.528798030736,1276.529,0.00020196926396370577
1.3048245019867368,1.56158953668e-08,1276.5289925801287,1276.529,7.419871175692504e-06
1.3048245019867368,9.40119862632e-08,1276.5289506154722,1276.529,4.938452774402973e-05
1.3048245019867368,6.80796222873e-07,1276.5285950952864,1276.529,0.00040490471366646104
1.3048245019867368,1.13667177641e-05,1276.5206662161427,1276.529,0.00833378385741473
1.3296242293912468,0.000416653552413,1276.0969089887444,1276.529,0.4320910112556002
1.3354245008386205,8.12428803277e-09,1470.1279963765162,1470.128,3.623483738564616e-06
1.3354245008386205,1.96251679918e-09,1470.1279991880933,1470.128,8.119065421623849e-07
1.3354245008386205,8.04955439338e-09,1478.307996447851,1478.308,3.552148800480012e-06
1.3354245008386205,2.32340309034e-08,1469.985989138848,1469.986,1.0861152007283517e-05
1.336283757164081,3.06744223691e-05,1502.662726230334,1502.686,0.023273769665706864
1.4190813328416483,4.56277687864e-06,1735.5502212167157,1735.553,0.0027787832843153195
1.4190813328416483,9.38088224811e-07,1735.5524882655893,1735.553,0.0005117344108111502
1.4190813328416483,6.62082352845e-06,1826.7876841284537,1826.792,0.004315871546109541
1.4190813328416483,1.87483163014e-05,1826.778799191995,1826.792,0.013200808005017392
1.4113667903713467,6.56945182359e-05,1826.7397113521554,1826.792,0.052288647844487515
1.4229092368966112,6.6231688646e-05,1826.7397114007374,1826.792,0.05228859926252237
1.4229092368966112,5.46699248299e-05,1826.7498124945737,1826.792,0.042187505426253824
1.4229092368966112,9.09341308216e-05,1888.4681083924936,1888.542,0.073891607506399
1.4229092368966112,3.21268054522e-05,1888.5184028044616,1888.542,0.0235971955383983
1.4208513038381783,0.000108067801145,1888.452918811334,1888.542,0.08908118866578955
1.473695693204319,0.0199834936603,1850.5137619056832,1888.542,38.02823809431685
1.473695693204319,0.00863567847342,1875.5003042925798,1888.542,13.041695707420145
1.473695693204319,0.00149748806592,2066.348309512103,2067.993,1.6446904878970634
1.473695693204319,0.000572240082594,2067.435996718498,2067.993,0.5570032815023614
1.474237398179081,8.50022917056e-05,2067.9264725647413,2067.993,0.06652743525864376
1.5250050514304896,0.000291099664079,2067.743845191021,2067.993,0.2491548089788936
1.5250050514304896,0.00012298293525,2067.8970924421988,2067.993,0.09590755780134154
1.5250050514304896,7.38092627766e-05,1968.1252454953785,1968.18,0.054754504621649214
1.5250050514304896,0.000133023978986,1968.0750651473877,1968.18,0.10493485261232575
1.5373720314877521,4.84114921836e-05,1968.1459866834143,1968.18,0.03401331658584397
1.5404689304438146,0.00017475588228,1968.041275795288,1968.18,0.13872420471212898
1.5404689304438146,0.000117455708448,1968.0903563114832,1968.18,0.08964368851676473
1.5404689304438146,0.000121075569701,1968.0870861131932,1968.18,0.09291388680677291
1.5404689304438146,0.000225960942261,1967.9951547077328,1968.18,0.18484529226715057
1.539094646755546,8.13850313383e-05,1968.1200660152945,1968.18,0.05993398470560223
1.5402976378887023,8.46951937623e-05,1968.1172893687983,1968.18,0.06271063120164369
1.5402976378887023,0.000101876094181,1968.103125534907,1968.18,0.0768744650931289
1.5402976378887023,3.47743842238e-05,2041.0493654276345,2041.073,0.023634572365503276
1.5402976378887023,0.000122288198161,2041.1831507730333,2041.277,0.09384922696665982
1.541867419595978,0.000127460877367,2014.6686954900392,2014.767,0.09830450996073342
1.5330401222498917,7.75877875839e-05,2014.7096989358236,2014.767,0.057301064176431625
1.5330401222498917,9.8297927533e-05,2014.6926725891262,2014.767,0.07432741087388622
1.5330401222498917,6.06202822094e-06,2069.686442126193,2069.69,0.003557873807160055
1.5330401222498917,6.52949581809e-06,2069.6861429308647,2069.69,0.0038570691354116696
1.5327460931062558,7.29609160294e-06,2069.6856610334685,2069.69,0.004338966531599879
1.5325703303382825,7.79380300978e-06,2069.685334305756,2069.69,0.0046656942441461735
1.5325703303382825,3.92259914678e-05,2069.662966823427,2069.69,0.027033176573410707
1.5325703303382825,1.14176189014e-05,1987.6699559676879,1987.677,0.007044032311948381
1.5325703303382825,2.3826832539e-05,1987.6613566013382,1987.677,0.015643398661761027
1.5168321095392583,0.000532362744042,1987.186048514773,1987.677,0.49095148522697507
1.519479790450925,9.75801968067e-05,1987.6030563679406,1987.677,0.07394363205933269
1.519479790450925,7.02323906414e-05,1987.6255895545794,1987.677,0.05141044542059044
1.519479790450925,3.94777523744e-05,1987.6496338903105,1987.677,0.02736610968946451
1.519479790450925,0.000142616659337,1987.5645765903275,1987.677,0.11242340967237613
1.526020719762452,0.000143230586342,1987.564576588923,1987.677,0.1124234110768872
1.5243035632621806,9.66085983097e-05,1987.604123522369,1987.677,0.07287647763085116
1.5243035632621806,9.66084154294e-05,1987.6041236131553,1987.677,0.07287638684460641
1.5243035632621806,0.000134360018824,1987.5720679716355,1987.677,0.10493202836430773
1.5243035632621806,0.000246760838655,1987.4709231868476,1987.677,0.20607681315227175
1.524339413220952,0.000441616498083,1987.2822059098894,1987.677,0.39479409011049565
1.5368034940286146,0.00121825270265,1986.4439565682414,1987.677,1.2330434317583665
1.5368034940286146,0.00082654204679,1986.8857435235752,1987.677,0.791256476424753
1.5368034940286146,0.000957741714141,1898.0801679296283,1899.016,0.9358320703718
1.5368034940286146,0.00107629018984,1897.9541246438876,1899.016,1.061875356112591
1.5265799319292352,0.00754744813373,1888.4534363641412,1899.016,10.562563635858748
1.5166819331661223,0.00797336088461,1887.620691239396,1899.016,11.395308760604136
1.5166819331661223,0.00904200703935,1885.70341289278,1899.016,13.312587107220107
1.5166819331661223,0.00911397055029,2074.485156032225,2087.919,13.433843967774763
1.5166819331661223,0.00957224648542,2083.429765104072,2097.64,14.21023489592786
1.5453389155824115,0.00921286893622,2084.3274001471673,2097.64,13.312599852832713
1.5462596740509584,0.0112264806251,2080.5954353340007,2097.64,17.044564665999236
1.5462596740509584,0.00993823254657,2083.049941359102,2097.64,14.590058640897984
1.5462596740509584,0.0101379376769,2082.7128687552176,2097.64,14.927131244782451
1.5462596740509584,0.0100979556837,2082.78044127136,2097.64,14.859558728640181
1.5434547564885146,0.0104153963026,2082.2102478985985,2097.64,15.429752101401498
1.5701716186281307,0.0106848585405,2082.0607718051137,2097.64,15.57922819488596
1.5701716186281307,0.011673193918,2080.387896413362,2097.64,17.252103586637908
1.5701716186281307,0.0113568542865,2080.9266231287406,2097.64,16.713376871259165
1.5701716186281307,0.00813613773094,2086.232648626923,2097.64,11.407351373076953
1.562947521417625,0.00853287063729,2085.533803655892,2097.64,12.106196344108108
1.4543523083150438,0.0817025429353,1738.9643187738047,2097.64,358.67568122619514
1.4543523083150438,0.0816992012302,1738.9690058152746,2097.64,358.67099418472526
1.4543523083150438,0.0841867471513,2660.618889029748,3038.864,378.24511097025214
1.4543523083150438,0.0857039401656,2627.204917783771,3017.783,390.57808221622884
1.4546970679955684,0.090821401438,2583.0586848098883,3017.783,434.72431519011144
1.5936081886195868,0.0983953371386,2592.1009412570206,3017.783,425.68205874297917
1.5936081886195868,0.00886361410768,-5734.407950989418,3017.783,8752.190950989418
1.5936081886195868,0.00950073533792,-5566.737793371703,3017.783,8584.520793371703
1.5936081886195868,0.00930630051723,-5626.155958329708,3017.783,8643.938958329707
1.5955605675273452,0.0092880680958,-5635.025718669822,3017.783,8652.808718669821
1.6814073192706165,0.00956566247497,-5701.262886551656,3017.783,8719.045886551656
1.6814073192706165,0.00962967774709,-5681.542831597893,3017.783,8699.325831597893
1.6814073192706165,0.0092857266206,-5785.632552926461,3017.783,8803.41555292646
1.6814073192706165,0.00897787668607,-5882.370898314017,3017.783,8900.153898314016
1.6852958639278632,0.00899832346479,-5882.337419524438,3017.783,8900.120419524437
1.7879993410739168,0.00928357168637,-5964.102601528073,3017.783,8981.885601528073
1.7879993410739168,0.00908432824157,-6027.170032842452,3017.783,9044.953032842452
1.7879993410739168,0.00932779149373,-5951.236977986271,3017.783,8969.01997798627
1.7879993410739168,0.00918579479946,-5995.9469830221315,3017.783,9013.72998302213
1.7856978789621565,0.00927089746171,-5965.985097798468,3017.783,8983.768097798467
1.6354047931604405,0.00846910283675,-5973.399313693075,3017.783,8991.182313693074
1.6354047931604405,0.00856276182919,-5941.206050867215,3017.783,8958.989050867214
1.6354047931604405,0.00853050862743,-5951.100395758895,3017.783,8968.883395758894
1.6354047931604405,0.00852929589127,-5950.963968482452,3017.783,8968.746968482452
1.6350942519713814,0.00826028019713,-6043.386732297031,3017.783,9061.16973229703
1.6472695202394128,0.00827524443694,-6060.213894218281,3017.783,9077.99689421828
1.6472695202394128,0.00827509431568,-6060.1962970556,3017.783,9077.9792970556
1.6472695202394128,0.00806098984432,-5531.338635273303,3588.972,9120.310635273303
1.6472695202394128,0.00796728660088,-5598.468233939302,3588.972,9187.440233939302
1.6475650097562584,0.00797004263518,-5598.631480362805,3588.972,9187.603480362804
1.681380939390681,0.00801847771849,-5639.163302147463,3588.972,9228.135302147462
1.681380939390681,0.00783784062871,-5705.062767233947,3588.972,9294.034767233947
1.681380939390681,0.00823752901449,-5559.583726370354,3588.972,9148.555726370354
1.681380939390681,0.00783341626686,-5704.503385319511,3588.972,9293.47538531951
1.6810748414445777,0.00770036809152,-5751.681908747389,3588.972,9340.653908747388
1.6618180668433753,0.00767743252223,-5727.613581930225,3588.972,9316.585581930225
1.6618180668433753,0.00803171647555,-5597.743812570883,3588.972,9186.715812570883
1.6618180668433753,0.00823840012059,-5522.381849695777,3588.972,9111.353849695777
1.6618180668433753,0.00852319913903,-5423.137459379885,3588.972,9012.109459379884
1.6611148253021049,0.00845992025755,-5416.366043812646,3588.972,9005.338043812646
2.023752253220063,0.0106430507296,-5350.210628865852,3588.972,8939.182628865852
2.023752253220063,0.00990021299471,-5558.136217452242,3588.972,9147.108217452242
2.023752253220063,0.0103737697524,-5422.605127581484,3588.972,9011.577127581484
2.023752253220063,0.0103735852205,-5422.587985525213,3588.972,9011.559985525213
2.02881827217645,0.0103416138356,-5437.924316770794,3588.972,9026.896316770793
2.0533888421783018,0.0101085066436,-5539.585603808651,3588.972,9128.557603808651
2.0533888421783018,0.0104135578088,-5454.205680367202,3588.972,9043.177680367202
2.0533888421783018,0.0102938226509,-5486.991049568271,3588.972,9075.96304956827
2.0533888421783018,0.0105258747657,-5422.622305451669,3588.972,9011.594305451668
2.0527017338116833,0.0105214160391,-5422.536531205253,3588.972,9011.508531205252
2.0569716019874558,0.0104860568912,-5438.010418308328,3588.972,9026.982418308327
2.0569716019874558,0.0105412390332,-5422.347972750436,3588.972,9011.319972750436
2.0569716019874558,0.0105937954946,-5406.88001275064,3588.972,8995.85201275064
2.0569716019874558,0.0107518666431,-5362.938781774339,3588.972,8951.910781774339
2.0581397812542814,0.121116659568,3215.199126756414,3588.972,373.7728732435864
2.042846583422472,0.158911563343,2155.3185297576483,3588.972,1433.6534702423517
2.042846583422472,0.153814610233,2822.5136836472157,3588.972,766.4583163527845
2.042846583422472,0.15520822209,2801.683716667181,3588.972,787.2882833328189
2.042846583422472,0.156084909303,2783.218207495462,3588.972,805.753792504538
2.045746779335931,0.156039638013,2783.5946309438814,3588.972,805.3773690561189
2.0474232882213976,0.143965882665,3017.6854222366082,3588.972,571.286577763392
2.0474232882213976,0.157245547946,2772.0794335402484,3588.972,816.892566459752
2.0474232882213976,0.158660401099,2094.9536214841587,3588.972,1494.0183785158415
2.0474232882213976,0.146163273218,2994.6992249997156,3588.972,594.2727750002848
1.3447857439497437,7.67505246224e-23,266.702,266.702,-0.0
1.3379599781537612,1.20206711054e-22,266.702,266.702,-0.0
1.3379599781537612,4.69443062088e-22,266.702,266.702,-0.0
1.3379599781537612,5.58876939363e-20,266.702,266.702,-0.0
1.3379599781537612,3.23345951335e-20,266.702,266.702,-0.0
1.3333540826075292,1.61596405894e-23,266.702,266.702,-0.0
1.330965678966649,7.60220187727e-22,266.702,266.702,-0.0
1.330965678966649,2.50557981382e-21,266.702,266.702,-0.0
1.330965678966649,6.91272532093e-25,266.702,266.702,-0.0
1.330965678966649,2.25155843569e-22,266.702,266.702,-0.0
1.3289245912942027,8.15215210153e-22,266.702,266.702,-0.0
1.334880669333219,3.83726324621e-22,266.702,266.702,-0.0
1.334880669333219,3.83726324628e-22,266.702,266.702,-0.0
1.334880669333219,8.20599366093e-24,266.702,266.702,-0.0
1.334880669333219,2.39958246651e-24,266.702,266.702,-0.0
1.3259046276116053,5.07442034398e-24,266.702,266.702,-0.0
1.3244748636169772,8.51971740237e-27,266.702,266.702,-0.0
1.3244748636169772,8.32565801533e-25,266.702,266.702,-0.0
1.3244748636169772,3.31013193044e-27,266.702,266.702,-0.0
1.3244748636169772,1.78966048909e-24,266.702,266.702,-0.0
1.3215363089660055,7.66898503703e-26,266.702,266.702,-0.0
1.3323288772277642,1.21666083445e-19,266.702,266.702,-0.0
1.3323288772277642,9.84623525135e-25,266.702,266.702,-0.0
1.3323288772277642,1.02767552453e-27,266.702,266.702,-0.0
1.3323288772277642,5.61275508646e-27,266.702,266.702,-0.0
1.3324221916227654,8.44549643483e-28,266.702,266.702,-0.0
1.3342321711771445,1.11705954113e-29,266.702,266.702,-0.0
1.3342321711771445,8.04776542078e-25,266.702,266.702,-0.0
1.3342321711771445,2.68407234267e-25,266.702,266.702,-0.0
1.3342321711771445,1.41462753339e-25,266.702,266.702,-0.0
1.3074623583054694,5.82729961962e-24,266.702,266.702,-0.0
1.32377131997174,1.5776768721e-27,266.702,266.702,-0.0
1.32377131997174,1.5776768687e-27,266.702,266.702,-0.0
1.32377131997174,1.29639954523e-25,266.702,266.702,-0.0
1.32377131997174,2.05836700485e-32,266.702,266.702,-0.0
1.3233789966235912,8.76244274315e-30,266.702,266.702,-0.0
1.3221802936804374,4.60860996017e-31,266.702,266.702,-0.0
1.3221802936804374,4.13474292013e-19,266.702,266.702,-0.0
1.3221802936804374,1.68586628684e-19,266.702,266.702,-0.0
1.3221802936804374,1.09199112167e-20,266.702,266.702,-0.0
1.3357630093900317,2.82775559945e-20,266.702,266.702,-0.0
1.336854584083739,7.43291397396e-19,266.702,266.702,-0.0
1.336854584083739,3.39654268553e-19,266.702,266.702,-0.0
1.336854584083739,4.56690208714e-20,266.702,266.702,-0.0
1.336854584083739,1.03592972445e-19,266.702,266.702,-0.0
1.3349964246982542,1.99863197998e-18,266.702,266.702,-0.0
1.3392095536771969,1.20688450906e-18,266.702,266.702,-0.0
1.3392095536771969,2.11156390944e-17,266.702,266.702,-0.0
1.3392095536771969,8.14809105517e-15,266.70199999999846,266.702,1.5543122344752198e-12
1.3392095536771969,1.25344127639e-16,266.702,266.702,-0.0
1.3376674387292178,3.47123453924e-16,266.70199999999977,266.702,2.220446049250313e-13
1.339624129878484,1.3174371904e-15,266.70199999999977,266.702,2.220446049250313e-13
1.339624129878484,2.58189105732e-15,266.7019999999993,266.702,6.66133814775094e-13
1.339624129878484,3.56449941738e-13,266.7019999999187,266.702,8.126832540256311e-11
1.339624129878484,1.81515542616e-10,266.7019999472697,266.702,5.2730264599871864e-08
1.3394555697859363,7.90137870061e-09,266.7019972431479,266.702,2.7568520818548552e-06
1.3481335060646737,2.42235920712e-16,266.702,266.702,-0.0
1.3481335060646737,2.40022432926e-12,266.70199999941644,266.702,5.835332217430674e-10
1.3481335060646737,4.56886670331e-14,266.7019999999902,266.702,9.769962616701402e-12
1.3481335060646737,7.62800445072e-10,266.70199976411226,266.702,2.3588775378838823e-07
1.3568931535409339,9.20280954157e-10,266.7019997154103,266.702,2.845896851713521e-07
1.337132752747691,1.39554864097e-08,266.70199495102673,266.702,5.048973245869524e-06
1.337132752747691,1.50220760848e-09,266.70199951382244,266.702,4.861775427280896e-07
1.337132752747691,3.6046216362e-09,266.7019987830228,266.702,1.2169771860620619e-06
1.337132752747691,1.51237385478e-10,266.701999952897,266.702,4.7102988177116334e-08
1.3486161183170062,9.19779051583e-10,266.70199969134046,266.702,3.0865954239340026e-07
1.3486931034869083,9.19831556786e-10,266.70199969134046,266.702,3.0865954239340026e-07
1.3486931034869083,2.76782565185e-09,266.70199902017066,266.702,9.798293290243928e-07
1.3486931034869083,5.06322296313e-10,266.7019998348976,266.702,1.6510237622184635e-07
1.3486931034869083,1.30012686181e-13,266.70199999996913,266.702,3.086420008457959e-11
1.3485477951369658,2.08970898787e-13,266.7019999999498,266.702,5.018208071305771e-11
1.33819833462622,3.63344122449e-15,266.7019999999991,266.702,8.881784197001255e-13
1.33819833462622,3.8772012741e-15,266.7019999999991,266.702,8.881784197001255e-13
1.33819833462622,1.55702552748e-17,266.702,266.702,-0.0
1.33819833462622,1.08286285768e-20,266.702,266.702,-0.0
1.3365510660955067,6.72166044266e-23,266.702,266.702,-0.0
1.3403501360301686,1.68418511844e-22,266.702,266.702,-0.0
1.3403501360301686,5.41841440391e-20,266.702,266.702,-0.0
1.3403501360301686,9.16740363533e-22,266.702,266.702,-0.0
1.3403501360301686,1.07512055443e-22,266.702,266.702,-0.0
1.3577254600675204,5.94320227779e-24,266.702,266.702,-0.0
1.3579717627883194,9.59380082566e-25,266.702,266.702,-0.0
1.3579717627883194,5.10602676069e-25,266.702,266.702,-0.0
1.3579717627883194,9.30655413849e-23,266.702,266.702,-0.0
1.3579717627883194,9.75672121175e-22,266.702,266.702,-0.0
1.3284706593036324,1.10629204961e-21,266.702,266.702,-0.0
1.3307319776531947,8.30742235129e-22,266.702,266.702,-0.0
1.3307319776531947,3.08001183524e-20,266.702,266.702,-0.0
1.3307319776531947,1.30836253151e-16,266.702,266.702,-0.0
1.3307319776531947,3.62363275372e-18,266.702,266.702,-0.0
1.3416253047443065,8.23048019568e-19,266.702,266.702,-0.0
1.3415249924206336,6.08690618365e-19,266.702,266.702,-0.0
1.3415249924206336,1.28312766652e-19,266.702,266.702,-0.0
1.3415249924206336,2.48109920573e-16,266.702,266.702,-0.0
1.3415249924206336,8.53473655842e-19,266.702,266.702,-0.0
1.318901610498087,1.66459535138e-20,266.702,266.702,-0.0
1.3189994201133537,5.39298168911e-21,266.702,266.702,-0.0
1.3189994201133537,1.55031683088e-22,266.702,266.702,-0.0
1.3189994201133537,2.34072032569e-24,266.702,266.702,-0.0
1.3189994201133537,8.13826369931e-23,266.702,266.702,-0.0
1.3191073255375008,1.32988219876e-20,266.702,266.702,-0.0
1.3188267573058368,3.55469176941e-22,266.702,266.702,-0.0
1.3188267573058368,3.55469179077e-22,266.702,266.702,-0.0
1.3188267573058368,1.29928801808e-20,266.702,266.702,-0.0
1.3188267573058368,3.71369364812e-20,266.702,266.702,-0.0
1.3160267024025072,3.55207379023e-21,266.702,266.702,-0.0
1.313358797886365,3.11985794832e-20,266.702,266.702,-0.0
1.313358797886365,1.80834106673e-22,266.702,266.702,-0.0
1.313358797886365,1.32836692193e-21,266.702,266.702,-0.0
1.313358797886365,7.37041766116e-21,266.702,266.702,-0.0
1.3160488917068665,1.92215749228e-21,266.702,266.702,-0.0
1.3201836425347635,2.28297251539e-22,266.702,266.702,-0.0
1.3201836425347635,7.02304234764e-21,266.702,266.702,-0.0
1.3201836425347635,1.66350373626e-22,266.702,266.702,-0.0
1.3201836425347635,1.9587403016e-20,266.702,266.702,-0.0
1.3351100804965803,9.28190940295e-24,266.702,266.702,-0.0
1.3337546980225845,4.35352091393e-19,266.702,266.702,-0.0
1.3337546980225845,1.2943263663e-18,266.702,266.702,-0.0
1.3337546980225845,6.82453597291e-20,266.702,266.702,-0.0
1.3337546980225845,1.59115744096e-16,266.702,266.702,-0.0
1.3182604185741862,1.21113456296e-31,266.702,266.702,-0.0
1.3162380984322124,2.84610945153e-28,266.702,266.702,-0.0
1.3162380984322124,5.83280374001e-30,266.702,266.702,-0.0
1.3162380984322124,2.43422144397e-34,266.702,266.702,-0.0
1.3162380984322124,4.11542140234e-36,266.702,266.702,-0.0
1.3001358066539508,1.50326320607e-39,266.702,266.702,-0.0
1.3015661634695705,4.43999119617e-34,266.702,266.702,-0.0
1.3015661634695705,2.32599909574e-35,266.702,266.702,-0.0
1.3015661634695705,4.55260834669e-32,266.702,266.702,-0.0
1.3015661634695705,1.74582749909e-39,266.702,266.702,-0.0
1.3139398274735177,8.95439946744e-39,266.702,266.702,-0.0
1.315661814349403,8.96613467697e-39,266.702,266.702,-0.0
1.315661814349403,3.39032689225e-37,266.702,266.702,-0.0
1.315661814349403,2.00077987006e-38,266.702,266.702,-0.0
1.315661814349403,1.04876826229e-35,266.702,266.702,-0.0
1.314033902506468,2.58141788115e-34,266.702,266.702,-0.0
1.31311310821227,4.14830486334e-41,266.702,266.702,-0.0
1.31311310821227,6.47841203918e-47,266.702,266.702,-0.0
1.31311310821227,9.81292259494e-45,266.702,266.702,-0.0
1.31311310821227,1.70977709675e-47,266.702,266.702,-0.0
1.3212057509463666,3.21670593331e-50,266.702,266.702,-0.0
1.3176003198803656,1.2857581078e-48,266.702,266.702,-0.0
1.3176003198803656,8.12868433373e-50,266.702,266.702,-0.0
1.3176003198803656,2.11708835184e-47,266.702,266.702,-0.0
1.3176003198803656,3.0280835807e-46,266.702,266.702,-0.0
1.3177268620178306,1.28774627358e-46,266.702,266.702,-0.0
1.3175656661187363,1.51089010344e-45,266.702,266.702,-0.0
1.3175656661187363,8.87560210942e-29,266.702,266.702,-0.0
1.3175656661187363,1.36694695971e-29,266.702,266.702,-0.0
1.3175656661187363,9.37884759957e-31,266.702,266.702,-0.0
1.3275754660509338,8.5116160244e-33,266.702,266.702,-0.0
1.3274781644455094,1.66224481709e-31,266.702,266.702,-0.0
1.3274781644455094,1.0399590946e-31,266.702,266.702,-0.0
1.3274781644455094,1.73652081825e-26,266.702,266.702,-0.0
1.3274781644455094,9.6286805226e-32,266.702,266.702,-0.0
1.340855186641897,1.7144189736e-28,266.702,266.702,-0.0
1.33986492493656,1.23398832462e-25,266.702,266.702,-0.0
1.33986492493656,6.64057212032e-27,266.702,266.702,-0.0
1.33986492493656,8.11357439054e-26,266.702,266.702,-0.0
1.33986492493656,2.62253434528e-25,266.702,266.702,-0.0
1.3403165734148899,1.56670420971e-26,266.702,266.702,-0.0
1.3405807401599914,2.44475648906e-24,266.702,266.702,-0.0
1.3405807401599914,6.74528871801e-25,266.702,266.702,-0.0
1.3405807401599914,3.90276546721e-23,266.702,266.702,-0.0
1.3405807401599914,4.83021022156e-22,266.702,266.702,-0.0
1.3344332440724276,6.14040220836e-19,266.702,266.702,-0.0
1.3689384080563929,7.69493482387e-20,266.702,266.702,-0.0
1.3689384080563929,1.22695279773e-14,266.7019999999971,266.702,2.886579864025409e-12
1.3689384080563929,3.17442373224e-18,266.702,266.702,-0.0
1.3689384080563929,6.94360153585e-18,266.702,266.702,-0.0
1.3717772201422918,8.08059643658e-22,266.702,266.702,-0.0
1.3730217229088262,3.5483528636e-21,266.702,266.702,-0.0
1.3730217229088262,1.31802393362e-21,266.702,266.702,-0.0
1.3730217229088262,7.8825917737e-18,266.702,266.702,-0.0
1.3730217229088262,8.63262586803e-19,266.702,266.702,-0.0
1.371865952707417,1.37190039528e-21,266.702,266.702,-0.0
1.3590072858243922,1.87938980125e-22,266.702,266.702,-0.0
1.3590072858243922,1.87939008246e-22,266.702,266.702,-0.0
1.3590072858243922,4.59971105205e-21,266.702,266.702,-0.0
1.3590072858243922,1.51352929104e-20,266.702,266.702,-0.0
1.360734779826074,7.152500829e-20,266.702,266.702,-0.0
1.363448507499621,6.19669012652e-21,266.702,266.702,-0.0
1.363448507499621,2.97656514562e-18,266.702,266.702,-0.0
1.363448507499621,1.11927464743e-19,266.702,266.702,-0.0
1.363448507499621,1.7914309456e-19,266.702,266.702,-0.0
1.3809145954408317,2.90000893054e-20,266.702,266.702,-0.0
1.3860628847939676,2.82345955206e-24,266.702,266.702,-0.0
1.3860628847939676,3.23937260797e-28,266.702,266.702,-0.0
1.3860628847939676,3.53614720834e-27,266.702,266.702,-0.0
1.3860628847939676,2.66304691763e-27,266.702,266.702,-0.0
1.3853631534499025,9.54123813972e-22,266.702,266.702,-0.0
1.3987263529512532,4.38811049347e-22,266.702,266.702,-0.0
1.3987263529512532,1.44673796713e-18,266.702,266.702,-0.0
1.3987263529512532,1.24493150677e-16,266.702,266.702,-0.0
1.3987263529512532,1.03244653512e-18,266.702,266.702,-0.0
